-- MySQL dump 10.13  Distrib 8.0.22, for Win64 (x86_64)
--
-- Host: 127.0.0.1    Database: worldairline2
-- ------------------------------------------------------
-- Server version	8.0.22

/*!40101 SET @OLD_CHARACTER_SET_CLIENT=@@CHARACTER_SET_CLIENT */;
/*!40101 SET @OLD_CHARACTER_SET_RESULTS=@@CHARACTER_SET_RESULTS */;
/*!40101 SET @OLD_COLLATION_CONNECTION=@@COLLATION_CONNECTION */;
/*!50503 SET NAMES utf8 */;
/*!40103 SET @OLD_TIME_ZONE=@@TIME_ZONE */;
/*!40103 SET TIME_ZONE='+00:00' */;
/*!40014 SET @OLD_UNIQUE_CHECKS=@@UNIQUE_CHECKS, UNIQUE_CHECKS=0 */;
/*!40014 SET @OLD_FOREIGN_KEY_CHECKS=@@FOREIGN_KEY_CHECKS, FOREIGN_KEY_CHECKS=0 */;
/*!40101 SET @OLD_SQL_MODE=@@SQL_MODE, SQL_MODE='NO_AUTO_VALUE_ON_ZERO' */;
/*!40111 SET @OLD_SQL_NOTES=@@SQL_NOTES, SQL_NOTES=0 */;

--
-- Table structure for table `airplane`
--

DROP TABLE IF EXISTS `airplane`;
/*!40101 SET @saved_cs_client     = @@character_set_client */;
/*!50503 SET character_set_client = utf8mb4 */;
CREATE TABLE `airplane` (
  `idAirplane` int NOT NULL AUTO_INCREMENT,
  `model` varchar(45) NOT NULL,
  `seatCapacity` smallint unsigned NOT NULL,
  PRIMARY KEY (`idAirplane`),
  UNIQUE KEY `model_UNIQUE` (`model`)
) ENGINE=InnoDB AUTO_INCREMENT=12 DEFAULT CHARSET=utf8mb4 COLLATE=utf8mb4_0900_ai_ci;
/*!40101 SET character_set_client = @saved_cs_client */;

--
-- Dumping data for table `airplane`
--

LOCK TABLES `airplane` WRITE;
/*!40000 ALTER TABLE `airplane` DISABLE KEYS */;
INSERT INTO `airplane` VALUES (1,'A300',323),(2,'Boeing 737',135),(3,'A320',186),(4,'Boeing 757',200),(5,'A319',124),(6,'Boeing 747',580);
/*!40000 ALTER TABLE `airplane` ENABLE KEYS */;
UNLOCK TABLES;

--
-- Table structure for table `airport`
--

DROP TABLE IF EXISTS `airport`;
/*!40101 SET @saved_cs_client     = @@character_set_client */;
/*!50503 SET character_set_client = utf8mb4 */;
CREATE TABLE `airport` (
  `idAirport` varchar(3) NOT NULL,
  `name` varchar(45) NOT NULL,
  `city` varchar(45) NOT NULL,
  `country` varchar(45) NOT NULL,
  PRIMARY KEY (`idAirport`)
) ENGINE=InnoDB DEFAULT CHARSET=utf8mb4 COLLATE=utf8mb4_0900_ai_ci;
/*!40101 SET character_set_client = @saved_cs_client */;

--
-- Dumping data for table `airport`
--

LOCK TABLES `airport` WRITE;
/*!40000 ALTER TABLE `airport` DISABLE KEYS */;
INSERT INTO `airport` VALUES ('BOD','Bordeaux-Mérignac','Bordeaux-Mérignac','France'),('CDG','Paris-Charles de Gaulle','Roissy-en-France, Île-de-France','France'),('FRA','Francfort','Frankfurt, Hesse','Germany'),('HKG','Hong Kong','Chek Lap Kok, Islands, New Territories','China'),('HND','Tokyo-Haneda','Ōta, Tokyo','Japan'),('JFK','New York-John F. Kennedy','Queens, New York, New York','United-State'),('LHR','Londres-Heathrow','Hillingdon, Londres','United Kingdom'),('MIA','Miami international airport','Miami','United State');
/*!40000 ALTER TABLE `airport` ENABLE KEYS */;
UNLOCK TABLES;

--
-- Table structure for table `booking`
--

DROP TABLE IF EXISTS `booking`;
/*!40101 SET @saved_cs_client     = @@character_set_client */;
/*!50503 SET character_set_client = utf8mb4 */;
CREATE TABLE `booking` (
  `bookingNo` int NOT NULL AUTO_INCREMENT,
  `bookingDate` date NOT NULL,
  `customerAccount_idaccount` int DEFAULT NULL,
  `coupon_idcoupon` int DEFAULT NULL,
  PRIMARY KEY (`bookingNo`),
  KEY `fk_booking_customerAccount1_idx` (`customerAccount_idaccount`),
  KEY `fk_booking_idcoupon_idx` (`coupon_idcoupon`),
  CONSTRAINT `fk_booking_customerAccount1` FOREIGN KEY (`customerAccount_idaccount`) REFERENCES `customeraccount` (`idCustomerAccount`) ON DELETE SET NULL ON UPDATE CASCADE,
  CONSTRAINT `fk_booking_idcoupon` FOREIGN KEY (`coupon_idcoupon`) REFERENCES `coupon` (`idcoupon`) ON DELETE SET NULL ON UPDATE CASCADE
) ENGINE=InnoDB AUTO_INCREMENT=76 DEFAULT CHARSET=utf8mb4 COLLATE=utf8mb4_0900_ai_ci;
/*!40101 SET character_set_client = @saved_cs_client */;

--
-- Dumping data for table `booking`
--

LOCK TABLES `booking` WRITE;
/*!40000 ALTER TABLE `booking` DISABLE KEYS */;
INSERT INTO `booking` VALUES (73,'2020-12-14',10,2),(74,'2020-12-14',7,NULL),(75,'2020-12-14',7,2);
/*!40000 ALTER TABLE `booking` ENABLE KEYS */;
UNLOCK TABLES;

--
-- Table structure for table `coupon`
--

DROP TABLE IF EXISTS `coupon`;
/*!40101 SET @saved_cs_client     = @@character_set_client */;
/*!50503 SET character_set_client = utf8mb4 */;
CREATE TABLE `coupon` (
  `idcoupon` int NOT NULL AUTO_INCREMENT,
  `couponCode` varchar(45) NOT NULL,
  `discount` decimal(10,2) NOT NULL,
  PRIMARY KEY (`idcoupon`),
  UNIQUE KEY `couponCode_UNIQUE` (`couponCode`)
) ENGINE=InnoDB AUTO_INCREMENT=4 DEFAULT CHARSET=utf8mb4 COLLATE=utf8mb4_0900_ai_ci;
/*!40101 SET character_set_client = @saved_cs_client */;

--
-- Dumping data for table `coupon`
--

LOCK TABLES `coupon` WRITE;
/*!40000 ALTER TABLE `coupon` DISABLE KEYS */;
INSERT INTO `coupon` VALUES (2,'GLSTKF',0.10);
/*!40000 ALTER TABLE `coupon` ENABLE KEYS */;
UNLOCK TABLES;

--
-- Table structure for table `customeraccount`
--

DROP TABLE IF EXISTS `customeraccount`;
/*!40101 SET @saved_cs_client     = @@character_set_client */;
/*!50503 SET character_set_client = utf8mb4 */;
CREATE TABLE `customeraccount` (
  `idCustomerAccount` int NOT NULL AUTO_INCREMENT,
  `email` varchar(45) NOT NULL,
  `password` varchar(255) NOT NULL,
  `ageCategory` varchar(45) NOT NULL,
  `firstName` varchar(45) NOT NULL,
  `lastName` varchar(45) NOT NULL,
  `address` varchar(255) NOT NULL,
  `birthDate` varchar(45) NOT NULL,
  `telephoneNumber` varchar(45) NOT NULL,
  PRIMARY KEY (`idCustomerAccount`),
  UNIQUE KEY `email_UNIQUE` (`email`)
) ENGINE=InnoDB AUTO_INCREMENT=16 DEFAULT CHARSET=utf8mb4 COLLATE=utf8mb4_0900_ai_ci;
/*!40101 SET character_set_client = @saved_cs_client */;

--
-- Dumping data for table `customeraccount`
--

LOCK TABLES `customeraccount` WRITE;
/*!40000 ALTER TABLE `customeraccount` DISABLE KEYS */;
INSERT INTO `customeraccount` VALUES (1,'AbbasJiar@gmail.com','cc03e747a6afbbcbf8be7668acfebee5','Regular','Abbas','Jiar','Avenue de Victor Hugo, 75016, Paris','2000-01-21','+33 6 32945094'),(2,'danbelissa@gmail.com','272022654e34a2775c12ba519dbaffbc','Regular','Dan','Belissa','39, rue du Clair Bocage, 85000, LA ROCHE-SUR-YON','2000-03-02','+33 6 74356747'),(3,'AntoineMilakine@yahoo.fr','d700b9e15a081ea6b0dd87ab307eed67','Regular','Antoine','Milakine','155, Avenue de la clairvoyance, 65000','1986-09-15','+33 6 98732641'),(4,'PierreGarnier@rhyta.com','bc27248062baa1c3245a59d48259d998','Regular','Pierre','Garnier','1, boulevard de Prague\r 30900 NIMES','1969-01-08','+33 6 13269216'),(5,'ConstanceMarier@outlook.com','5a75137fe195017b072cc7ccf2cb95fb','Regular','Constance','Marier','42, rue des Lacs\r 14200 HEROUVILLE-SAINT-CLAIR','1961-06-25','+33 6 32676109'),(6,'ChungLeGioi@armyspy.com','c4b8532c3d6f52dd47cd1e0075c0454f','Senior','Chung','Lee-Gioi','16, rue des lieutemants Thomazo\n21000 DIJON','1952-11-23','+33 610365498'),(7,'capron2009@hotmail.fr','51fdf6c3846b7c92db15fdd71d4b75e1','Child','Titouan','Capron','32, rue Louise Michel, 92300, LEVALLOIS-PERRET','2009-03-04','+33 6 89024763'),(10,'gaspard1202@gmail.com','832c95ebba8e494476068c96616e4c29','Regular','Gaspard','Lefort-Louet','84, rue des Losers, 75015 Paris','2000-02-12','+33 6 76890987');
/*!40000 ALTER TABLE `customeraccount` ENABLE KEYS */;
UNLOCK TABLES;

--
-- Table structure for table `employeeaccount`
--

DROP TABLE IF EXISTS `employeeaccount`;
/*!40101 SET @saved_cs_client     = @@character_set_client */;
/*!50503 SET character_set_client = utf8mb4 */;
CREATE TABLE `employeeaccount` (
  `idEmployeeAccount` int NOT NULL AUTO_INCREMENT,
  `email` varchar(45) NOT NULL,
  `password` varchar(255) NOT NULL,
  `firstName` varchar(45) NOT NULL,
  `lastName` varchar(45) NOT NULL,
  `address` varchar(255) NOT NULL,
  `birthDate` date NOT NULL,
  `telephoneNumber` varchar(45) NOT NULL,
  PRIMARY KEY (`idEmployeeAccount`),
  UNIQUE KEY `email_UNIQUE` (`email`)
) ENGINE=InnoDB AUTO_INCREMENT=13 DEFAULT CHARSET=utf8mb4 COLLATE=utf8mb4_0900_ai_ci;
/*!40101 SET character_set_client = @saved_cs_client */;

--
-- Dumping data for table `employeeaccount`
--

LOCK TABLES `employeeaccount` WRITE;
/*!40000 ALTER TABLE `employeeaccount` DISABLE KEYS */;
INSERT INTO `employeeaccount` VALUES (1,'abi.lebg@gmail.in','1d2379378c3bbaf91027e36ab876cca9','Abilashan','Nantekamar','Place de la Mairie, 95140, GARGES-LES-GONESSE','2000-11-14','+33 6 84930493'),(2,'yarrenWadan@hotmail.fr','3beec582b8176ec8719a9640e61ff1cf','Warren','Yadan','59, rue Bellenger, 92300, LEVALLOIS-PERRET','1984-06-24','+33 6 89024763'),(3,'AbbasJiar@gmail.com','51fdf6c3846b7c92db15fdd71d4b75e1','Abbas','Jiar','12, rue Anatole France, 93420, VILLEPINTE','2000-09-13','+33 6 76390493'),(4,'leoWatkins@outlook.fr','52be80f1214ed8cc0049e0da1536c05e','Leo','Watkins','59, rue de Prony, 75017, PARIS','1999-06-24','+33 7 90456512'),(5,'AroufGJ@hotmail.fr','cdc0353d935287034dfe88c5a2239458','Arouf','Jiar','12, rue du Moulinet, 75013, PARIS','1987-08-30','+33 7 57632908');
/*!40000 ALTER TABLE `employeeaccount` ENABLE KEYS */;
UNLOCK TABLES;

--
-- Table structure for table `flight`
--

DROP TABLE IF EXISTS `flight`;
/*!40101 SET @saved_cs_client     = @@character_set_client */;
/*!50503 SET character_set_client = utf8mb4 */;
CREATE TABLE `flight` (
  `idFlight` int unsigned NOT NULL AUTO_INCREMENT,
  `airplane_idAirplane` int NOT NULL,
  `airlineName` varchar(45) NOT NULL,
  `departureAirport_idAirport` varchar(3) NOT NULL,
  `arrivalAirport_idAirport` varchar(3) NOT NULL,
  `departureDate` datetime NOT NULL,
  `arrivalDate` datetime NOT NULL,
  PRIMARY KEY (`idFlight`),
  KEY `fk_flight_airplane1_idx` (`airplane_idAirplane`),
  KEY `fk_flight_airport1_idx` (`departureAirport_idAirport`),
  KEY `fk_flight_airport2_idx` (`arrivalAirport_idAirport`),
  CONSTRAINT `fk_flight_airplane1` FOREIGN KEY (`airplane_idAirplane`) REFERENCES `airplane` (`idAirplane`) ON DELETE CASCADE ON UPDATE CASCADE,
  CONSTRAINT `fk_flight_airport1` FOREIGN KEY (`departureAirport_idAirport`) REFERENCES `airport` (`idAirport`) ON DELETE CASCADE ON UPDATE CASCADE,
  CONSTRAINT `fk_flight_airport2` FOREIGN KEY (`arrivalAirport_idAirport`) REFERENCES `airport` (`idAirport`) ON DELETE CASCADE ON UPDATE CASCADE
) ENGINE=InnoDB AUTO_INCREMENT=51 DEFAULT CHARSET=utf8mb4 COLLATE=utf8mb4_0900_ai_ci;
/*!40101 SET character_set_client = @saved_cs_client */;

--
-- Dumping data for table `flight`
--

LOCK TABLES `flight` WRITE;
/*!40000 ALTER TABLE `flight` DISABLE KEYS */;
INSERT INTO `flight` VALUES (1,6,'worldAirline','CDG','JFK','2021-01-01 14:20:00','2021-01-01 17:00:00'),(2,5,'worldAirline','BOD','CDG','2020-12-30 14:30:00','2020-01-01 15:50:00'),(3,1,'worldAirline','CDG','FRA','2021-02-10 07:25:00','2021-02-10 08:40:00'),(4,4,'wolrdAirline','LHR','FRA','2021-03-09 14:20:00','2021-03-09 17:55:00'),(5,6,'wolrdAirline','CDG','MIA','2021-04-03 10:40:00','2021-04-03 15:00:00'),(6,6,'wolrdAirline','MIA','CDG','2021-04-17 18:50:00','2021-04-18 09:40:00'),(9,4,'wolrdAirline','CDG','MIA','2021-04-20 10:40:00','2021-04-20 15:00:00'),(10,5,'wolrdAirline','MIA','CDG','2021-04-25 10:40:00','2021-04-25 15:00:00'),(50,1,'Worldairline','FRA','LHR','2021-04-06 08:00:00','2021-04-07 04:00:00');
/*!40000 ALTER TABLE `flight` ENABLE KEYS */;
UNLOCK TABLES;

--
-- Table structure for table `flightseat`
--

DROP TABLE IF EXISTS `flightseat`;
/*!40101 SET @saved_cs_client     = @@character_set_client */;
/*!50503 SET character_set_client = utf8mb4 */;
CREATE TABLE `flightseat` (
  `seatNo` int NOT NULL,
  `flight_idFlight` int unsigned NOT NULL,
  `className` varchar(45) NOT NULL,
  `seatPrice` decimal(10,2) NOT NULL,
  `isAvailable` tinyint NOT NULL,
  PRIMARY KEY (`seatNo`,`flight_idFlight`),
  KEY `fk_seat_flight1_idx` (`flight_idFlight`)
) ENGINE=InnoDB DEFAULT CHARSET=utf8mb4 COLLATE=utf8mb4_0900_ai_ci;
/*!40101 SET character_set_client = @saved_cs_client */;

--
-- Dumping data for table `flightseat`
--

LOCK TABLES `flightseat` WRITE;
/*!40000 ALTER TABLE `flightseat` DISABLE KEYS */;
INSERT INTO `flightseat` VALUES (1,1,'First Class',1200.95,1),(1,2,'First Class',500.98,1),(1,3,'First Class',750.00,1),(1,4,'First Class',450.29,1),(1,5,'First Class',1354.60,1),(1,6,'First Class',2567.90,1),(1,9,'First Class',450.29,1),(1,50,'First Class',199.00,1),(2,1,'First Class',1200.95,1),(2,2,'First Class',500.98,1),(2,3,'First Class',750.00,1),(2,4,'First Class',450.29,1),(2,5,'First Class',1354.60,1),(2,6,'First Class',2567.90,1),(2,9,'First Class',450.29,1),(2,50,'First Class',199.00,1),(3,1,'First Class',1200.95,1),(3,2,'First Class',500.98,1),(3,3,'First Class',750.00,1),(3,4,'First Class',450.29,1),(3,5,'First Class',1354.60,1),(3,6,'First Class',2567.90,1),(3,9,'First Class',450.29,1),(3,50,'First Class',199.00,1),(4,1,'First Class',1200.95,1),(4,2,'First Class',500.98,1),(4,3,'First Class',750.00,1),(4,4,'First Class',450.29,1),(4,5,'First Class',1354.60,1),(4,6,'First Class',2567.90,1),(4,9,'First Class',450.29,1),(4,50,'First Class',199.00,1),(5,1,'First Class',1200.95,1),(5,2,'First Class',500.98,1),(5,3,'First Class',750.00,1),(5,4,'First Class',450.29,1),(5,5,'First Class',1354.60,1),(5,6,'First Class',2567.90,1),(5,9,'First Class',450.29,1),(5,50,'First Class',199.00,1),(6,1,'First Class',1200.95,1),(6,2,'First Class',500.98,1),(6,3,'First Class',750.00,1),(6,4,'First Class',450.29,1),(6,5,'First Class',1354.60,1),(6,6,'First Class',2567.90,1),(6,9,'First Class',450.29,1),(6,50,'First Class',199.00,1),(7,1,'First Class',1200.95,1),(7,2,'First Class',500.98,1),(7,3,'First Class',750.00,1),(7,4,'First Class',450.29,1),(7,5,'First Class',1354.60,1),(7,6,'First Class',2567.90,1),(7,9,'First Class',450.29,1),(7,50,'First Class',199.00,1),(8,1,'First Class',1200.95,1),(8,2,'First Class',500.98,1),(8,3,'First Class',750.00,1),(8,4,'First Class',450.29,1),(8,5,'First Class',1354.60,1),(8,6,'First Class',2567.90,1),(8,9,'First Class',450.29,1),(8,50,'First Class',199.00,1),(9,1,'First Class',1200.95,1),(9,2,'First Class',500.98,1),(9,3,'First Class',750.00,1),(9,4,'First Class',450.29,1),(9,5,'First Class',1354.60,1),(9,6,'First Class',2567.90,1),(9,9,'First Class',450.29,1),(9,50,'First Class',199.00,1),(10,1,'First Class',1200.95,1),(10,2,'First Class',500.98,1),(10,3,'First Class',750.00,1),(10,4,'First Class',450.29,1),(10,5,'First Class',1354.60,1),(10,6,'First Class',2567.90,1),(10,9,'First Class',450.29,1),(10,50,'First Class',199.00,1),(11,1,'First Class',1200.95,1),(11,2,'First Class',500.98,1),(11,3,'First Class',750.00,1),(11,4,'First Class',450.29,1),(11,5,'First Class',1354.60,1),(11,6,'First Class',2567.90,1),(11,9,'First Class',450.29,1),(11,50,'Business Class',70.99,1),(12,1,'First Class',1200.95,1),(12,2,'First Class',500.98,1),(12,3,'First Class',750.00,1),(12,4,'First Class',450.29,1),(12,5,'First Class',1354.60,1),(12,6,'First Class',2567.90,1),(12,9,'First Class',450.29,1),(12,50,'Business Class',70.99,1),(13,1,'First Class',1200.95,1),(13,2,'First Class',500.98,1),(13,3,'First Class',750.00,1),(13,4,'First Class',450.29,1),(13,5,'First Class',1354.60,1),(13,6,'First Class',2567.90,1),(13,9,'First Class',450.29,1),(13,50,'Business Class',70.99,1),(14,1,'First Class',1200.95,1),(14,2,'First Class',500.98,1),(14,3,'First Class',750.00,1),(14,4,'First Class',450.29,1),(14,5,'First Class',1354.60,1),(14,6,'First Class',2567.90,1),(14,9,'First Class',450.29,1),(14,50,'Business Class',70.99,1),(15,1,'First Class',1200.95,1),(15,2,'First Class',500.98,1),(15,3,'First Class',750.00,1),(15,4,'First Class',450.29,1),(15,5,'First Class',1354.60,1),(15,6,'First Class',2567.90,1),(15,9,'First Class',450.29,1),(15,50,'Business Class',70.99,1),(16,1,'First Class',1200.95,1),(16,2,'First Class',500.98,1),(16,3,'First Class',750.00,1),(16,4,'First Class',450.29,1),(16,5,'First Class',1354.60,1),(16,6,'First Class',2567.90,1),(16,9,'First Class',450.29,1),(16,50,'Business Class',70.99,1),(17,1,'First Class',1200.95,1),(17,2,'First Class',500.98,1),(17,3,'First Class',750.00,1),(17,4,'First Class',450.29,1),(17,5,'First Class',1354.60,1),(17,6,'First Class',2567.90,1),(17,9,'First Class',450.29,1),(17,50,'Business Class',70.99,1),(18,1,'First Class',1200.95,1),(18,2,'First Class',500.98,1),(18,3,'First Class',750.00,1),(18,4,'First Class',450.29,1),(18,5,'First Class',1354.60,1),(18,6,'First Class',2567.90,1),(18,9,'First Class',450.29,1),(18,50,'Business Class',70.99,1),(19,1,'First Class',1200.95,1),(19,2,'First Class',500.98,1),(19,3,'First Class',750.00,1),(19,4,'First Class',450.29,1),(19,5,'First Class',1354.60,1),(19,6,'First Class',2567.90,1),(19,9,'First Class',450.29,1),(19,50,'Business Class',70.99,1),(20,1,'First Class',1200.95,1),(20,2,'First Class',500.98,1),(20,3,'First Class',750.00,1),(20,4,'First Class',450.29,1),(20,5,'First Class',1354.60,1),(20,6,'First Class',2567.90,1),(20,9,'First Class',450.29,1),(20,50,'Business Class',70.99,1),(21,1,'First Class',1200.95,1),(21,2,'Business Class',350.95,1),(21,3,'First Class',750.00,1),(21,4,'First Class',450.29,1),(21,5,'First Class',1354.60,1),(21,6,'First Class',2567.90,1),(21,9,'First Class',450.29,1),(21,50,'Business Class',70.99,1),(22,1,'First Class',1200.95,1),(22,2,'Business Class',350.95,1),(22,3,'First Class',750.00,1),(22,4,'First Class',450.29,1),(22,5,'First Class',1354.60,1),(22,6,'First Class',2567.90,1),(22,9,'First Class',450.29,1),(22,50,'Business Class',70.99,1),(23,1,'First Class',1200.95,1),(23,2,'Business Class',350.95,1),(23,3,'First Class',750.00,1),(23,4,'First Class',450.29,1),(23,5,'First Class',1354.60,1),(23,6,'First Class',2567.90,1),(23,9,'First Class',450.29,1),(23,50,'Business Class',70.99,1),(24,1,'First Class',1200.95,1),(24,2,'Business Class',350.95,1),(24,3,'First Class',750.00,1),(24,4,'First Class',450.29,1),(24,5,'First Class',1354.60,1),(24,6,'First Class',2567.90,1),(24,9,'First Class',450.29,1),(24,50,'Business Class',70.99,1),(25,1,'First Class',1200.95,1),(25,2,'Business Class',350.95,1),(25,3,'First Class',750.00,1),(25,4,'First Class',450.29,1),(25,5,'First Class',1354.60,1),(25,6,'First Class',2567.90,1),(25,9,'First Class',450.29,1),(25,50,'Business Class',70.99,1),(26,1,'First Class',1200.95,1),(26,2,'Business Class',350.95,1),(26,3,'First Class',750.00,1),(26,4,'First Class',450.29,1),(26,5,'First Class',1354.60,1),(26,6,'First Class',2567.90,1),(26,9,'First Class',450.29,1),(26,50,'Business Class',70.99,1),(27,1,'First Class',1200.95,1),(27,2,'Business Class',350.95,1),(27,3,'First Class',750.00,1),(27,4,'First Class',450.29,1),(27,5,'First Class',1354.60,1),(27,6,'First Class',2567.90,1),(27,9,'First Class',450.29,1),(27,50,'Business Class',70.99,1),(28,1,'First Class',1200.95,1),(28,2,'Business Class',350.95,1),(28,3,'First Class',750.00,1),(28,4,'First Class',450.29,1),(28,5,'First Class',1354.60,1),(28,6,'First Class',2567.90,1),(28,9,'First Class',450.29,1),(28,50,'Business Class',70.99,1),(29,1,'First Class',1200.95,1),(29,2,'Business Class',350.95,1),(29,3,'First Class',750.00,1),(29,4,'First Class',450.29,1),(29,5,'First Class',1354.60,1),(29,6,'First Class',2567.90,1),(29,9,'First Class',450.29,1),(29,50,'Business Class',70.99,1),(30,1,'First Class',1200.95,1),(30,2,'Business Class',350.95,1),(30,3,'First Class',750.00,1),(30,4,'First Class',450.29,1),(30,5,'First Class',1354.60,1),(30,6,'First Class',2567.90,1),(30,9,'First Class',450.29,1),(30,50,'Business Class',70.99,1),(31,1,'First Class',1200.95,1),(31,2,'Business Class',350.95,1),(31,3,'Business Class',650.90,1),(31,4,'Business Class',290.49,1),(31,5,'First Class',1354.60,1),(31,6,'First Class',2567.90,1),(31,9,'Business Class',290.49,1),(31,50,'Business Class',70.99,1),(32,1,'First Class',1200.95,1),(32,2,'Business Class',350.95,1),(32,3,'Business Class',650.90,1),(32,4,'Business Class',290.49,1),(32,5,'First Class',1354.60,1),(32,6,'First Class',2567.90,1),(32,9,'Business Class',290.49,1),(32,50,'Business Class',70.99,1),(33,1,'First Class',1200.95,1),(33,2,'Business Class',350.95,1),(33,3,'Business Class',650.90,1),(33,4,'Business Class',290.49,1),(33,5,'First Class',1354.60,1),(33,6,'First Class',2567.90,1),(33,9,'Business Class',290.49,1),(33,50,'Business Class',70.99,1),(34,1,'First Class',1200.95,1),(34,2,'Business Class',350.95,1),(34,3,'Business Class',650.90,1),(34,4,'Business Class',290.49,1),(34,5,'First Class',1354.60,1),(34,6,'First Class',2567.90,1),(34,9,'Business Class',290.49,1),(34,50,'Business Class',70.99,1),(35,1,'First Class',1200.95,1),(35,2,'Business Class',350.95,1),(35,3,'Business Class',650.90,1),(35,4,'Business Class',290.49,1),(35,5,'First Class',1354.60,1),(35,6,'First Class',2567.90,1),(35,9,'Business Class',290.49,1),(35,50,'Business Class',70.99,1),(36,1,'First Class',1200.95,1),(36,2,'Business Class',350.95,1),(36,3,'Business Class',650.90,1),(36,4,'Business Class',290.49,1),(36,5,'First Class',1354.60,1),(36,6,'First Class',2567.90,1),(36,9,'Business Class',290.49,1),(36,50,'Business Class',70.99,1),(37,1,'First Class',1200.95,1),(37,2,'Business Class',350.95,1),(37,3,'Business Class',650.90,1),(37,4,'Business Class',290.49,1),(37,5,'First Class',1354.60,1),(37,6,'First Class',2567.90,1),(37,9,'Business Class',290.49,1),(37,50,'Business Class',70.99,1),(38,1,'First Class',1200.95,1),(38,2,'Business Class',350.95,1),(38,3,'Business Class',650.90,1),(38,4,'Business Class',290.49,1),(38,5,'First Class',1354.60,1),(38,6,'First Class',2567.90,1),(38,9,'Business Class',290.49,1),(38,50,'Business Class',70.99,1),(39,1,'First Class',1200.95,1),(39,2,'Business Class',350.95,1),(39,3,'Business Class',650.90,1),(39,4,'Business Class',290.49,1),(39,5,'First Class',1354.60,1),(39,6,'First Class',2567.90,1),(39,9,'Business Class',290.49,1),(39,50,'Business Class',70.99,1),(40,1,'First Class',1200.95,1),(40,2,'Business Class',350.95,1),(40,3,'Business Class',650.90,1),(40,4,'Business Class',290.49,1),(40,5,'First Class',1354.60,1),(40,6,'First Class',2567.90,1),(40,9,'Business Class',290.49,1),(40,50,'Business Class',70.99,1),(41,1,'First Class',1200.95,1),(41,2,'Business Class',350.95,1),(41,3,'Business Class',650.90,1),(41,4,'Business Class',290.49,0),(41,5,'Business Class',1001.99,1),(41,6,'Business Class',1735.30,1),(41,9,'Business Class',290.49,1),(41,50,'Economy Class',70.99,0),(42,1,'First Class',1200.95,1),(42,2,'Business Class',350.95,1),(42,3,'Business Class',650.90,1),(42,4,'Business Class',290.49,0),(42,5,'Business Class',1001.99,1),(42,6,'Business Class',1735.30,1),(42,9,'Business Class',290.49,1),(42,50,'Economy Class',70.99,0),(43,1,'First Class',1200.95,1),(43,2,'Business Class',350.95,1),(43,3,'Business Class',650.90,1),(43,4,'Business Class',290.49,0),(43,5,'Business Class',1001.99,1),(43,6,'Business Class',1735.30,1),(43,9,'Business Class',290.49,1),(43,50,'Economy Class',70.99,0),(44,1,'First Class',1200.95,1),(44,2,'Business Class',350.95,1),(44,3,'Business Class',650.90,1),(44,4,'Business Class',290.49,0),(44,5,'Business Class',1001.99,1),(44,6,'Business Class',1735.30,1),(44,9,'Business Class',290.49,1),(44,50,'Economy Class',70.99,0),(45,1,'First Class',1200.95,1),(45,2,'Business Class',350.95,1),(45,3,'Business Class',650.90,1),(45,4,'Business Class',290.49,1),(45,5,'Business Class',1001.99,1),(45,6,'Business Class',1735.30,1),(45,9,'Business Class',290.49,1),(45,50,'Economy Class',70.99,1),(46,1,'First Class',1200.95,1),(46,2,'Business Class',350.95,1),(46,3,'Business Class',650.90,1),(46,4,'Business Class',290.49,1),(46,5,'Business Class',1001.99,1),(46,6,'Business Class',1735.30,1),(46,9,'Business Class',290.49,1),(46,50,'Economy Class',70.99,1),(47,1,'First Class',1200.95,1),(47,2,'Business Class',350.95,1),(47,3,'Business Class',650.90,1),(47,4,'Business Class',290.49,1),(47,5,'Business Class',1001.99,1),(47,6,'Business Class',1735.30,1),(47,9,'Business Class',290.49,1),(47,50,'Economy Class',70.99,1),(48,1,'First Class',1200.95,1),(48,2,'Business Class',350.95,1),(48,3,'Business Class',650.90,1),(48,4,'Business Class',290.49,1),(48,5,'Business Class',1001.99,1),(48,6,'Business Class',1735.30,1),(48,9,'Business Class',290.49,1),(48,50,'Economy Class',70.99,1),(49,1,'First Class',1200.95,1),(49,2,'Business Class',350.95,1),(49,3,'Business Class',650.90,1),(49,4,'Business Class',290.49,1),(49,5,'Business Class',1001.99,1),(49,6,'Business Class',1735.30,1),(49,9,'Business Class',290.49,1),(49,50,'Economy Class',70.99,1),(50,1,'First Class',1200.95,1),(50,2,'Business Class',350.95,1),(50,3,'Business Class',650.90,1),(50,4,'Business Class',290.49,1),(50,5,'Business Class',1001.99,1),(50,6,'Business Class',1735.30,1),(50,9,'Business Class',290.49,1),(50,50,'Economy Class',70.99,1),(51,1,'Business Class',999.89,1),(51,2,'Economy Class',70.99,1),(51,3,'Business Class',650.90,1),(51,4,'Business Class',290.49,1),(51,5,'Business Class',1001.99,1),(51,6,'Business Class',1735.30,1),(51,9,'Business Class',290.49,1),(51,50,'Economy Class',70.99,1),(52,1,'Business Class',999.89,1),(52,2,'Economy Class',70.99,1),(52,3,'Business Class',650.90,1),(52,4,'Business Class',290.49,1),(52,5,'Business Class',1001.99,1),(52,6,'Business Class',1735.30,1),(52,9,'Business Class',290.49,1),(52,50,'Economy Class',70.99,1),(53,1,'Business Class',999.89,1),(53,2,'Economy Class',70.99,0),(53,3,'Business Class',650.90,1),(53,4,'Business Class',290.49,1),(53,5,'Business Class',1001.99,1),(53,6,'Business Class',1735.30,1),(53,9,'Business Class',290.49,1),(53,50,'Economy Class',70.99,1),(54,1,'Business Class',999.89,1),(54,2,'Economy Class',70.99,1),(54,3,'Business Class',650.90,1),(54,4,'Business Class',290.49,1),(54,5,'Business Class',1001.99,1),(54,6,'Business Class',1735.30,1),(54,9,'Business Class',290.49,1),(54,50,'Economy Class',70.99,1),(55,1,'Business Class',999.89,1),(55,2,'Economy Class',70.99,1),(55,3,'Business Class',650.90,1),(55,4,'Business Class',290.49,1),(55,5,'Business Class',1001.99,1),(55,6,'Business Class',1735.30,1),(55,9,'Business Class',290.49,1),(55,50,'Economy Class',70.99,1),(56,1,'Business Class',999.89,1),(56,2,'Economy Class',70.99,1),(56,3,'Business Class',650.90,1),(56,4,'Business Class',290.49,1),(56,5,'Business Class',1001.99,1),(56,6,'Business Class',1735.30,1),(56,9,'Business Class',290.49,1),(56,50,'Economy Class',70.99,1),(57,1,'Business Class',999.89,1),(57,2,'Economy Class',70.99,1),(57,3,'Business Class',650.90,1),(57,4,'Business Class',290.49,1),(57,5,'Business Class',1001.99,1),(57,6,'Business Class',1735.30,1),(57,9,'Business Class',290.49,1),(57,50,'Economy Class',70.99,1),(58,1,'Business Class',999.89,1),(58,2,'Economy Class',70.99,1),(58,3,'Business Class',650.90,1),(58,4,'Business Class',290.49,1),(58,5,'Business Class',1001.99,1),(58,6,'Business Class',1735.30,1),(58,9,'Business Class',290.49,1),(58,50,'Economy Class',70.99,1),(59,1,'Business Class',999.89,1),(59,2,'Economy Class',70.99,1),(59,3,'Business Class',650.90,1),(59,4,'Business Class',290.49,1),(59,5,'Business Class',1001.99,1),(59,6,'Business Class',1735.30,1),(59,9,'Business Class',290.49,1),(59,50,'Economy Class',70.99,1),(60,1,'Business Class',999.89,1),(60,2,'Economy Class',70.99,1),(60,3,'Business Class',650.90,1),(60,4,'Business Class',290.49,1),(60,5,'Business Class',1001.99,1),(60,6,'Business Class',1735.30,1),(60,9,'Business Class',290.49,1),(60,50,'Economy Class',70.99,1),(61,1,'Business Class',999.89,1),(61,2,'Economy Class',70.99,1),(61,3,'Economy Class',250.00,1),(61,4,'Business Class',290.49,1),(61,5,'Business Class',1001.99,1),(61,6,'Business Class',1735.30,1),(61,9,'Business Class',290.49,1),(61,50,'Economy Class',70.99,1),(62,1,'Business Class',999.89,1),(62,2,'Economy Class',70.99,1),(62,3,'Economy Class',250.00,1),(62,4,'Business Class',290.49,1),(62,5,'Business Class',1001.99,1),(62,6,'Business Class',1735.30,1),(62,9,'Business Class',290.49,1),(62,50,'Economy Class',70.99,1),(63,1,'Business Class',999.89,1),(63,2,'Economy Class',70.99,1),(63,3,'Economy Class',250.00,1),(63,4,'Business Class',290.49,1),(63,5,'Business Class',1001.99,1),(63,6,'Business Class',1735.30,1),(63,9,'Business Class',290.49,1),(63,50,'Economy Class',70.99,1),(64,1,'Business Class',999.89,1),(64,2,'Economy Class',70.99,1),(64,3,'Economy Class',250.00,1),(64,4,'Business Class',290.49,1),(64,5,'Business Class',1001.99,1),(64,6,'Business Class',1735.30,1),(64,9,'Business Class',290.49,1),(64,50,'Economy Class',70.99,1),(65,1,'Business Class',999.89,1),(65,2,'Economy Class',70.99,1),(65,3,'Economy Class',250.00,1),(65,4,'Business Class',290.49,1),(65,5,'Business Class',1001.99,1),(65,6,'Business Class',1735.30,1),(65,9,'Business Class',290.49,1),(65,50,'Economy Class',70.99,1),(66,1,'Business Class',999.89,1),(66,2,'Economy Class',70.99,1),(66,3,'Economy Class',250.00,1),(66,4,'Business Class',290.49,1),(66,5,'Business Class',1001.99,1),(66,6,'Business Class',1735.30,1),(66,9,'Business Class',290.49,1),(66,50,'Economy Class',70.99,1),(67,1,'Business Class',999.89,1),(67,2,'Economy Class',70.99,1),(67,3,'Economy Class',250.00,1),(67,4,'Business Class',290.49,1),(67,5,'Business Class',1001.99,1),(67,6,'Business Class',1735.30,1),(67,9,'Business Class',290.49,1),(67,50,'Economy Class',70.99,1),(68,1,'Business Class',999.89,1),(68,2,'Economy Class',70.99,1),(68,3,'Economy Class',250.00,1),(68,4,'Business Class',290.49,1),(68,5,'Business Class',1001.99,1),(68,6,'Business Class',1735.30,1),(68,9,'Business Class',290.49,1),(68,50,'Economy Class',70.99,1),(69,1,'Business Class',999.89,1),(69,2,'Economy Class',70.99,1),(69,3,'Economy Class',250.00,1),(69,4,'Business Class',290.49,1),(69,5,'Business Class',1001.99,1),(69,6,'Business Class',1735.30,1),(69,9,'Business Class',290.49,1),(69,50,'Economy Class',70.99,1),(70,1,'Business Class',999.89,1),(70,2,'Economy Class',70.99,1),(70,3,'Economy Class',250.00,1),(70,4,'Business Class',290.49,1),(70,5,'Business Class',1001.99,1),(70,6,'Business Class',1735.30,1),(70,9,'Business Class',290.49,1),(70,50,'Economy Class',70.99,1),(71,1,'Business Class',999.89,1),(71,2,'Economy Class',70.99,1),(71,3,'Economy Class',250.00,1),(71,4,'Business Class',290.49,1),(71,5,'Business Class',1001.99,1),(71,6,'Business Class',1735.30,1),(71,9,'Business Class',290.49,1),(71,50,'Economy Class',70.99,1),(72,1,'Business Class',999.89,1),(72,2,'Economy Class',70.99,1),(72,3,'Economy Class',250.00,1),(72,4,'Business Class',290.49,1),(72,5,'Business Class',1001.99,1),(72,6,'Business Class',1735.30,1),(72,9,'Business Class',290.49,1),(72,50,'Economy Class',70.99,1),(73,1,'Business Class',999.89,1),(73,2,'Economy Class',70.99,1),(73,3,'Economy Class',250.00,1),(73,4,'Business Class',290.49,1),(73,5,'Business Class',1001.99,1),(73,6,'Business Class',1735.30,1),(73,9,'Business Class',290.49,1),(73,50,'Economy Class',70.99,1),(74,1,'Business Class',999.89,1),(74,2,'Economy Class',70.99,1),(74,3,'Economy Class',250.00,1),(74,4,'Business Class',290.49,1),(74,5,'Business Class',1001.99,1),(74,6,'Business Class',1735.30,1),(74,9,'Business Class',290.49,1),(74,50,'Economy Class',70.99,1),(75,1,'Business Class',999.89,1),(75,2,'Economy Class',70.99,1),(75,3,'Economy Class',250.00,1),(75,4,'Business Class',290.49,1),(75,5,'Business Class',1001.99,1),(75,6,'Business Class',1735.30,1),(75,9,'Business Class',290.49,1),(75,50,'Economy Class',70.99,1),(76,1,'Business Class',999.89,1),(76,2,'Economy Class',70.99,1),(76,3,'Economy Class',250.00,1),(76,4,'Business Class',290.49,1),(76,5,'Business Class',1001.99,1),(76,6,'Business Class',1735.30,1),(76,9,'Business Class',290.49,1),(76,50,'Economy Class',70.99,1),(77,1,'Business Class',999.89,1),(77,2,'Economy Class',70.99,1),(77,3,'Economy Class',250.00,1),(77,4,'Business Class',290.49,1),(77,5,'Business Class',1001.99,1),(77,6,'Business Class',1735.30,1),(77,9,'Business Class',290.49,1),(77,50,'Economy Class',70.99,1),(78,1,'Business Class',999.89,1),(78,2,'Economy Class',70.99,1),(78,3,'Economy Class',250.00,1),(78,4,'Business Class',290.49,1),(78,5,'Business Class',1001.99,1),(78,6,'Business Class',1735.30,1),(78,9,'Business Class',290.49,1),(78,50,'Economy Class',70.99,1),(79,1,'Business Class',999.89,1),(79,2,'Economy Class',70.99,1),(79,3,'Economy Class',250.00,1),(79,4,'Business Class',290.49,1),(79,5,'Business Class',1001.99,1),(79,6,'Business Class',1735.30,1),(79,9,'Business Class',290.49,1),(79,50,'Economy Class',70.99,1),(80,1,'Business Class',999.89,1),(80,2,'Economy Class',70.99,1),(80,3,'Economy Class',250.00,1),(80,4,'Business Class',290.49,1),(80,5,'Business Class',1001.99,1),(80,6,'Business Class',1735.30,1),(80,9,'Business Class',290.49,1),(80,50,'Economy Class',70.99,1),(81,1,'Business Class',999.89,1),(81,2,'Economy Class',70.99,1),(81,3,'Economy Class',250.00,1),(81,4,'Business Class',290.49,1),(81,5,'Business Class',1001.99,1),(81,6,'Business Class',1735.30,1),(81,9,'Business Class',290.49,1),(81,50,'Economy Class',70.99,1),(82,1,'Business Class',999.89,1),(82,2,'Economy Class',70.99,1),(82,3,'Economy Class',250.00,1),(82,4,'Business Class',290.49,1),(82,5,'Business Class',1001.99,1),(82,6,'Business Class',1735.30,1),(82,9,'Business Class',290.49,1),(82,50,'Economy Class',70.99,1),(83,1,'Business Class',999.89,1),(83,2,'Economy Class',70.99,1),(83,3,'Economy Class',250.00,1),(83,4,'Business Class',290.49,1),(83,5,'Business Class',1001.99,1),(83,6,'Business Class',1735.30,1),(83,9,'Business Class',290.49,1),(83,50,'Economy Class',70.99,1),(84,1,'Business Class',999.89,1),(84,2,'Economy Class',70.99,1),(84,3,'Economy Class',250.00,1),(84,4,'Business Class',290.49,1),(84,5,'Business Class',1001.99,1),(84,6,'Business Class',1735.30,1),(84,9,'Business Class',290.49,1),(84,50,'Economy Class',70.99,1),(85,1,'Business Class',999.89,1),(85,2,'Economy Class',70.99,1),(85,3,'Economy Class',250.00,1),(85,4,'Business Class',290.49,1),(85,5,'Business Class',1001.99,1),(85,6,'Business Class',1735.30,1),(85,9,'Business Class',290.49,1),(85,50,'Economy Class',70.99,1),(86,1,'Business Class',999.89,1),(86,2,'Economy Class',70.99,1),(86,3,'Economy Class',250.00,1),(86,4,'Business Class',290.49,1),(86,5,'Business Class',1001.99,1),(86,6,'Business Class',1735.30,1),(86,9,'Business Class',290.49,1),(86,50,'Economy Class',70.99,1),(87,1,'Business Class',999.89,1),(87,2,'Economy Class',70.99,1),(87,3,'Economy Class',250.00,1),(87,4,'Business Class',290.49,1),(87,5,'Business Class',1001.99,1),(87,6,'Business Class',1735.30,1),(87,9,'Business Class',290.49,1),(87,50,'Economy Class',70.99,1),(88,1,'Business Class',999.89,1),(88,2,'Economy Class',70.99,1),(88,3,'Economy Class',250.00,1),(88,4,'Business Class',290.49,1),(88,5,'Business Class',1001.99,1),(88,6,'Business Class',1735.30,1),(88,9,'Business Class',290.49,1),(88,50,'Economy Class',70.99,1),(89,1,'Business Class',999.89,1),(89,2,'Economy Class',70.99,1),(89,3,'Economy Class',250.00,1),(89,4,'Business Class',290.49,1),(89,5,'Business Class',1001.99,1),(89,6,'Business Class',1735.30,1),(89,9,'Business Class',290.49,1),(89,50,'Economy Class',70.99,1),(90,1,'Business Class',999.89,1),(90,2,'Economy Class',70.99,1),(90,3,'Economy Class',250.00,1),(90,4,'Business Class',290.49,1),(90,5,'Business Class',1001.99,1),(90,6,'Business Class',1735.30,1),(90,9,'Business Class',290.49,1),(90,50,'Economy Class',70.99,1),(91,1,'Business Class',999.89,1),(91,2,'Economy Class',70.99,1),(91,3,'Economy Class',250.00,1),(91,4,'Economy Class',90.99,1),(91,5,'Business Class',1001.99,1),(91,6,'Business Class',1735.30,1),(91,9,'Economy Class',90.99,0),(91,50,'Economy Class',70.99,1),(92,1,'Business Class',999.89,1),(92,2,'Economy Class',70.99,1),(92,3,'Economy Class',250.00,1),(92,4,'Economy Class',90.99,1),(92,5,'Business Class',1001.99,1),(92,6,'Business Class',1735.30,1),(92,9,'Economy Class',90.99,1),(92,50,'Economy Class',70.99,1),(93,1,'Business Class',999.89,1),(93,2,'Economy Class',70.99,1),(93,3,'Economy Class',250.00,1),(93,4,'Economy Class',90.99,1),(93,5,'Business Class',1001.99,1),(93,6,'Business Class',1735.30,1),(93,9,'Economy Class',90.99,1),(93,50,'Economy Class',70.99,1),(94,1,'Business Class',999.89,1),(94,2,'Economy Class',70.99,1),(94,3,'Economy Class',250.00,1),(94,4,'Economy Class',90.99,1),(94,5,'Business Class',1001.99,1),(94,6,'Business Class',1735.30,1),(94,9,'Economy Class',90.99,1),(94,50,'Economy Class',70.99,1),(95,1,'Business Class',999.89,1),(95,2,'Economy Class',70.99,1),(95,3,'Economy Class',250.00,1),(95,4,'Economy Class',90.99,1),(95,5,'Business Class',1001.99,1),(95,6,'Business Class',1735.30,1),(95,9,'Economy Class',90.99,1),(95,50,'Economy Class',70.99,1),(96,1,'Business Class',999.89,1),(96,2,'Economy Class',70.99,1),(96,3,'Economy Class',250.00,1),(96,4,'Economy Class',90.99,1),(96,5,'Business Class',1001.99,1),(96,6,'Business Class',1735.30,1),(96,9,'Economy Class',90.99,1),(96,50,'Economy Class',70.99,1),(97,1,'Business Class',999.89,1),(97,2,'Economy Class',70.99,1),(97,3,'Economy Class',250.00,1),(97,4,'Economy Class',90.99,1),(97,5,'Business Class',1001.99,1),(97,6,'Business Class',1735.30,1),(97,9,'Economy Class',90.99,1),(97,50,'Economy Class',70.99,1),(98,1,'Business Class',999.89,1),(98,2,'Economy Class',70.99,1),(98,3,'Economy Class',250.00,1),(98,4,'Economy Class',90.99,1),(98,5,'Business Class',1001.99,1),(98,6,'Business Class',1735.30,1),(98,9,'Economy Class',90.99,1),(98,50,'Economy Class',70.99,1),(99,1,'Business Class',999.89,1),(99,2,'Economy Class',70.99,1),(99,3,'Economy Class',250.00,1),(99,4,'Economy Class',90.99,1),(99,5,'Business Class',1001.99,1),(99,6,'Business Class',1735.30,1),(99,9,'Economy Class',90.99,1),(99,50,'Economy Class',70.99,1),(100,1,'Business Class',999.89,1),(100,2,'Economy Class',70.99,1),(100,3,'Economy Class',250.00,1),(100,4,'Economy Class',90.99,1),(100,5,'Business Class',1001.99,1),(100,6,'Business Class',1735.30,1),(100,9,'Economy Class',90.99,1),(100,50,'Economy Class',70.99,1),(101,1,'Business Class',999.89,1),(101,2,'Economy Class',70.99,1),(101,3,'Economy Class',250.00,1),(101,4,'Economy Class',90.99,1),(101,5,'Economy Class',450.90,0),(101,6,'Economy Class',600.65,0),(101,9,'Economy Class',90.99,1),(101,50,'Economy Class',70.99,1),(102,1,'Business Class',999.89,1),(102,2,'Economy Class',70.99,1),(102,3,'Economy Class',250.00,1),(102,4,'Economy Class',90.99,1),(102,5,'Economy Class',450.90,1),(102,6,'Economy Class',600.65,0),(102,9,'Economy Class',90.99,0),(102,50,'Economy Class',70.99,1),(103,1,'Business Class',999.89,1),(103,2,'Economy Class',70.99,1),(103,3,'Economy Class',250.00,1),(103,4,'Economy Class',90.99,1),(103,5,'Economy Class',450.90,1),(103,6,'Economy Class',600.65,0),(103,9,'Economy Class',90.99,0),(103,50,'Economy Class',70.99,1),(104,1,'Business Class',999.89,1),(104,2,'Economy Class',70.99,1),(104,3,'Economy Class',250.00,1),(104,4,'Economy Class',90.99,1),(104,5,'Economy Class',450.90,1),(104,6,'Economy Class',600.65,1),(104,9,'Economy Class',90.99,1),(104,50,'Economy Class',70.99,1),(105,1,'Business Class',999.89,1),(105,2,'Economy Class',70.99,1),(105,3,'Economy Class',250.00,1),(105,4,'Economy Class',90.99,1),(105,5,'Economy Class',450.90,1),(105,6,'Economy Class',600.65,1),(105,9,'Economy Class',90.99,1),(105,50,'Economy Class',70.99,1),(106,1,'Business Class',999.89,1),(106,2,'Economy Class',70.99,1),(106,3,'Economy Class',250.00,1),(106,4,'Economy Class',90.99,1),(106,5,'Economy Class',450.90,1),(106,6,'Economy Class',600.65,1),(106,9,'Economy Class',90.99,1),(106,50,'Economy Class',70.99,1),(107,1,'Business Class',999.89,1),(107,2,'Economy Class',70.99,1),(107,3,'Economy Class',250.00,1),(107,4,'Economy Class',90.99,1),(107,5,'Economy Class',450.90,1),(107,6,'Economy Class',600.65,1),(107,9,'Economy Class',90.99,1),(107,50,'Economy Class',70.99,1),(108,1,'Business Class',999.89,1),(108,2,'Economy Class',70.99,1),(108,3,'Economy Class',250.00,1),(108,4,'Economy Class',90.99,1),(108,5,'Economy Class',450.90,1),(108,6,'Economy Class',600.65,1),(108,9,'Economy Class',90.99,1),(108,50,'Economy Class',70.99,1),(109,1,'Business Class',999.89,1),(109,2,'Economy Class',70.99,1),(109,3,'Economy Class',250.00,1),(109,4,'Economy Class',90.99,1),(109,5,'Economy Class',450.90,1),(109,6,'Economy Class',600.65,0),(109,9,'Economy Class',90.99,0),(109,50,'Economy Class',70.99,1),(110,1,'Business Class',999.89,1),(110,2,'Economy Class',70.99,1),(110,3,'Economy Class',250.00,1),(110,4,'Economy Class',90.99,1),(110,5,'Economy Class',450.90,1),(110,6,'Economy Class',600.65,0),(110,9,'Economy Class',90.99,0),(110,50,'Economy Class',70.99,1),(111,1,'Business Class',999.89,1),(111,2,'Economy Class',70.99,1),(111,3,'Economy Class',250.00,1),(111,4,'Economy Class',90.99,1),(111,5,'Economy Class',450.90,0),(111,6,'Economy Class',600.65,0),(111,9,'Economy Class',90.99,1),(111,50,'Economy Class',70.99,1),(112,1,'Business Class',999.89,1),(112,2,'Economy Class',70.99,1),(112,3,'Economy Class',250.00,1),(112,4,'Economy Class',90.99,1),(112,5,'Economy Class',450.90,1),(112,6,'Economy Class',600.65,1),(112,9,'Economy Class',90.99,1),(112,50,'Economy Class',70.99,1),(113,1,'Business Class',999.89,1),(113,2,'Economy Class',70.99,1),(113,3,'Economy Class',250.00,1),(113,4,'Economy Class',90.99,1),(113,5,'Economy Class',450.90,0),(113,6,'Economy Class',600.65,0),(113,9,'Economy Class',90.99,1),(113,50,'Economy Class',70.99,1),(114,1,'Business Class',999.89,1),(114,2,'Economy Class',70.99,1),(114,3,'Economy Class',250.00,1),(114,4,'Economy Class',90.99,1),(114,5,'Economy Class',450.90,1),(114,6,'Economy Class',600.65,1),(114,9,'Economy Class',90.99,1),(114,50,'Economy Class',70.99,1),(115,1,'Business Class',999.89,1),(115,2,'Economy Class',70.99,1),(115,3,'Economy Class',250.00,1),(115,4,'Economy Class',90.99,1),(115,5,'Economy Class',450.90,0),(115,6,'Economy Class',600.65,0),(115,9,'Economy Class',90.99,1),(115,50,'Economy Class',70.99,1),(116,1,'Business Class',999.89,1),(116,2,'Economy Class',70.99,1),(116,3,'Economy Class',250.00,1),(116,4,'Economy Class',90.99,1),(116,5,'Economy Class',450.90,1),(116,6,'Economy Class',600.65,0),(116,9,'Economy Class',90.99,0),(116,50,'Economy Class',70.99,1),(117,1,'Business Class',999.89,1),(117,2,'Economy Class',70.99,1),(117,3,'Economy Class',250.00,1),(117,4,'Economy Class',90.99,1),(117,5,'Economy Class',450.90,1),(117,6,'Economy Class',600.65,0),(117,9,'Economy Class',90.99,0),(117,50,'Economy Class',70.99,1),(118,1,'Business Class',999.89,1),(118,2,'Economy Class',70.99,1),(118,3,'Economy Class',250.00,1),(118,4,'Economy Class',90.99,1),(118,5,'Economy Class',450.90,1),(118,6,'Economy Class',600.65,1),(118,9,'Economy Class',90.99,1),(118,50,'Economy Class',70.99,1),(119,1,'Business Class',999.89,1),(119,2,'Economy Class',70.99,1),(119,3,'Economy Class',250.00,1),(119,4,'Economy Class',90.99,1),(119,5,'Economy Class',450.90,0),(119,6,'Economy Class',600.65,0),(119,9,'Economy Class',90.99,1),(119,50,'Economy Class',70.99,1),(120,1,'Business Class',999.89,1),(120,2,'Economy Class',70.99,1),(120,3,'Economy Class',250.00,1),(120,4,'Economy Class',90.99,1),(120,5,'Economy Class',450.90,1),(120,6,'Economy Class',600.65,1),(120,9,'Economy Class',90.99,1),(120,50,'Economy Class',70.99,1),(121,1,'Business Class',999.89,1),(121,2,'Economy Class',70.99,1),(121,3,'Economy Class',250.00,1),(121,4,'Economy Class',90.99,1),(121,5,'Economy Class',450.90,1),(121,6,'Economy Class',600.65,0),(121,9,'Economy Class',90.99,0),(121,50,'Economy Class',70.99,1),(122,1,'Business Class',999.89,1),(122,2,'Economy Class',70.99,1),(122,3,'Economy Class',250.00,1),(122,4,'Economy Class',90.99,1),(122,5,'Economy Class',450.90,1),(122,6,'Economy Class',600.65,0),(122,9,'Economy Class',90.99,1),(122,50,'Economy Class',70.99,1),(123,1,'Business Class',999.89,1),(123,2,'Economy Class',70.99,1),(123,3,'Economy Class',250.00,1),(123,4,'Economy Class',90.99,1),(123,5,'Economy Class',450.90,1),(123,6,'Economy Class',600.65,0),(123,9,'Economy Class',90.99,0),(123,50,'Economy Class',70.99,1),(124,1,'Business Class',999.89,1),(124,2,'Economy Class',70.99,1),(124,3,'Economy Class',250.00,1),(124,4,'Economy Class',90.99,1),(124,5,'Economy Class',450.90,1),(124,6,'Economy Class',600.65,1),(124,9,'Economy Class',90.99,1),(124,50,'Economy Class',70.99,1),(125,1,'Business Class',999.89,1),(125,3,'Economy Class',250.00,1),(125,4,'Economy Class',90.99,1),(125,5,'Economy Class',450.90,1),(125,6,'Economy Class',600.65,1),(125,9,'Economy Class',90.99,0),(125,50,'Economy Class',70.99,1),(126,1,'Business Class',999.89,1),(126,3,'Economy Class',250.00,1),(126,4,'Economy Class',90.99,1),(126,5,'Economy Class',450.90,1),(126,6,'Economy Class',600.65,1),(126,9,'Economy Class',90.99,1),(126,50,'Economy Class',70.99,1),(127,1,'Business Class',999.89,1),(127,3,'Economy Class',250.00,1),(127,4,'Economy Class',90.99,1),(127,5,'Economy Class',450.90,1),(127,6,'Economy Class',600.65,1),(127,9,'Economy Class',90.99,1),(127,50,'Economy Class',70.99,1),(128,1,'Business Class',999.89,1),(128,3,'Economy Class',250.00,1),(128,4,'Economy Class',90.99,1),(128,5,'Economy Class',450.90,1),(128,6,'Economy Class',600.65,1),(128,9,'Economy Class',90.99,1),(128,50,'Economy Class',70.99,1),(129,1,'Business Class',999.89,1),(129,3,'Economy Class',250.00,1),(129,4,'Economy Class',90.99,1),(129,5,'Economy Class',450.90,1),(129,6,'Economy Class',600.65,1),(129,9,'Economy Class',90.99,1),(129,50,'Economy Class',70.99,1),(130,1,'Business Class',999.89,1),(130,3,'Economy Class',250.00,1),(130,4,'Economy Class',90.99,1),(130,5,'Economy Class',450.90,1),(130,6,'Economy Class',600.65,1),(130,9,'Economy Class',90.99,1),(130,50,'Economy Class',70.99,1),(131,1,'Business Class',999.89,1),(131,3,'Economy Class',250.00,1),(131,4,'Economy Class',90.99,1),(131,5,'Economy Class',450.90,1),(131,6,'Economy Class',600.65,1),(131,9,'Economy Class',90.99,1),(131,50,'Economy Class',70.99,1),(132,1,'Business Class',999.89,1),(132,3,'Economy Class',250.00,1),(132,4,'Economy Class',90.99,1),(132,5,'Economy Class',450.90,1),(132,6,'Economy Class',600.65,1),(132,9,'Economy Class',90.99,1),(132,50,'Economy Class',70.99,1),(133,1,'Business Class',999.89,1),(133,3,'Economy Class',250.00,1),(133,4,'Economy Class',90.99,1),(133,5,'Economy Class',450.90,1),(133,6,'Economy Class',600.65,1),(133,9,'Economy Class',90.99,1),(133,50,'Economy Class',70.99,1),(134,1,'Business Class',999.89,1),(134,3,'Economy Class',250.00,1),(134,4,'Economy Class',90.99,1),(134,5,'Economy Class',450.90,1),(134,6,'Economy Class',600.65,1),(134,9,'Economy Class',90.99,1),(134,50,'Economy Class',70.99,1),(135,1,'Business Class',999.89,1),(135,3,'Economy Class',250.00,1),(135,4,'Economy Class',90.99,1),(135,5,'Economy Class',450.90,1),(135,6,'Economy Class',600.65,1),(135,9,'Economy Class',90.99,1),(135,50,'Economy Class',70.99,1),(136,1,'Business Class',999.89,1),(136,3,'Economy Class',250.00,1),(136,4,'Economy Class',90.99,1),(136,5,'Economy Class',450.90,1),(136,6,'Economy Class',600.65,1),(136,9,'Economy Class',90.99,1),(136,50,'Economy Class',70.99,1),(137,1,'Business Class',999.89,1),(137,3,'Economy Class',250.00,1),(137,4,'Economy Class',90.99,1),(137,5,'Economy Class',450.90,1),(137,6,'Economy Class',600.65,1),(137,9,'Economy Class',90.99,1),(137,50,'Economy Class',70.99,1),(138,1,'Business Class',999.89,1),(138,3,'Economy Class',250.00,1),(138,4,'Economy Class',90.99,1),(138,5,'Economy Class',450.90,1),(138,6,'Economy Class',600.65,1),(138,9,'Economy Class',90.99,1),(138,50,'Economy Class',70.99,1),(139,1,'Business Class',999.89,1),(139,3,'Economy Class',250.00,1),(139,4,'Economy Class',90.99,1),(139,5,'Economy Class',450.90,1),(139,6,'Economy Class',600.65,1),(139,9,'Economy Class',90.99,1),(139,50,'Economy Class',70.99,1),(140,1,'Business Class',999.89,1),(140,3,'Economy Class',250.00,1),(140,4,'Economy Class',90.99,1),(140,5,'Economy Class',450.90,1),(140,6,'Economy Class',600.65,1),(140,9,'Economy Class',90.99,1),(140,50,'Economy Class',70.99,1),(142,1,'Business Class',999.89,1),(142,3,'Economy Class',250.00,1),(142,4,'Economy Class',90.99,1),(142,5,'Economy Class',450.90,1),(142,6,'Economy Class',600.65,1),(142,9,'Economy Class',90.99,1),(143,1,'Business Class',999.89,1),(143,3,'Economy Class',250.00,1),(143,4,'Economy Class',90.99,1),(143,5,'Economy Class',450.90,1),(143,6,'Economy Class',600.65,1),(143,9,'Economy Class',90.99,1),(144,1,'Business Class',999.89,1),(144,3,'Economy Class',250.00,1),(144,4,'Economy Class',90.99,1),(144,5,'Economy Class',450.90,1),(144,6,'Economy Class',600.65,1),(144,9,'Economy Class',90.99,1),(145,1,'Business Class',999.89,1),(145,3,'Economy Class',250.00,1),(145,4,'Economy Class',90.99,1),(145,5,'Economy Class',450.90,1),(145,6,'Economy Class',600.65,1),(145,9,'Economy Class',90.99,1),(146,1,'Business Class',999.89,1),(146,3,'Economy Class',250.00,1),(146,4,'Economy Class',90.99,1),(146,5,'Economy Class',450.90,1),(146,6,'Economy Class',600.65,1),(146,9,'Economy Class',90.99,1),(147,1,'Business Class',999.89,1),(147,3,'Economy Class',250.00,1),(147,4,'Economy Class',90.99,1),(147,5,'Economy Class',450.90,1),(147,6,'Economy Class',600.65,1),(147,9,'Economy Class',90.99,1),(148,1,'Business Class',999.89,1),(148,3,'Economy Class',250.00,1),(148,4,'Economy Class',90.99,1),(148,5,'Economy Class',450.90,1),(148,6,'Economy Class',600.65,1),(148,9,'Economy Class',90.99,1),(149,1,'Business Class',999.89,1),(149,3,'Economy Class',250.00,1),(149,4,'Economy Class',90.99,1),(149,5,'Economy Class',450.90,1),(149,6,'Economy Class',600.65,1),(149,9,'Economy Class',90.99,1),(150,1,'Business Class',999.89,1),(150,3,'Economy Class',250.00,1),(150,4,'Economy Class',90.99,1),(150,5,'Economy Class',450.90,1),(150,6,'Economy Class',600.65,1),(150,9,'Economy Class',90.99,1),(151,1,'Economic',450.29,1),(151,3,'Economy Class',250.00,1),(151,4,'Economy Class',90.99,1),(151,5,'Economy Class',450.90,1),(151,6,'Economy Class',600.65,1),(151,9,'Economy Class',90.99,1),(152,1,'Economic',450.29,1),(152,3,'Economy Class',250.00,1),(152,4,'Economy Class',90.99,1),(152,5,'Economy Class',450.90,1),(152,6,'Economy Class',600.65,1),(152,9,'Economy Class',90.99,1),(153,1,'Economic',450.29,1),(153,3,'Economy Class',250.00,1),(153,4,'Economy Class',90.99,1),(153,5,'Economy Class',450.90,1),(153,6,'Economy Class',600.65,1),(153,9,'Economy Class',90.99,1),(154,1,'Economic',450.29,1),(154,3,'Economy Class',250.00,1),(154,4,'Economy Class',90.99,1),(154,5,'Economy Class',450.90,1),(154,6,'Economy Class',600.65,1),(154,9,'Economy Class',90.99,1),(155,1,'Economic',450.29,1),(155,3,'Economy Class',250.00,1),(155,4,'Economy Class',90.99,1),(155,5,'Economy Class',450.90,1),(155,6,'Economy Class',600.65,1),(155,9,'Economy Class',90.99,1),(156,1,'Economic',450.29,1),(156,3,'Economy Class',250.00,1),(156,4,'Economy Class',90.99,1),(156,5,'Economy Class',450.90,1),(156,6,'Economy Class',600.65,1),(156,9,'Economy Class',90.99,1),(157,1,'Economic',450.29,1),(157,3,'Economy Class',250.00,1),(157,4,'Economy Class',90.99,1),(157,5,'Economy Class',450.90,1),(157,6,'Economy Class',600.65,1),(157,9,'Economy Class',90.99,1),(158,1,'Economic',450.29,1),(158,3,'Economy Class',250.00,1),(158,4,'Economy Class',90.99,1),(158,5,'Economy Class',450.90,1),(158,6,'Economy Class',600.65,1),(158,9,'Economy Class',90.99,1),(159,1,'Economic',450.29,1),(159,3,'Economy Class',250.00,1),(159,4,'Economy Class',90.99,1),(159,5,'Economy Class',450.90,1),(159,6,'Economy Class',600.65,1),(159,9,'Economy Class',90.99,1),(160,1,'Economic',450.29,1),(160,3,'Economy Class',250.00,1),(160,4,'Economy Class',90.99,1),(160,5,'Economy Class',450.90,1),(160,6,'Economy Class',600.65,1),(160,9,'Economy Class',90.99,1),(161,1,'Economic',450.29,1),(161,3,'Economy Class',250.00,1),(161,4,'Economy Class',90.99,1),(161,5,'Economy Class',450.90,1),(161,6,'Economy Class',600.65,1),(161,9,'Economy Class',90.99,1),(162,1,'Economic',450.29,1),(162,3,'Economy Class',250.00,1),(162,4,'Economy Class',90.99,1),(162,5,'Economy Class',450.90,1),(162,6,'Economy Class',600.65,1),(162,9,'Economy Class',90.99,1),(163,1,'Economic',450.29,1),(163,3,'Economy Class',250.00,1),(163,4,'Economy Class',90.99,1),(163,5,'Economy Class',450.90,1),(163,6,'Economy Class',600.65,1),(163,9,'Economy Class',90.99,1),(164,1,'Economic',450.29,1),(164,3,'Economy Class',250.00,1),(164,4,'Economy Class',90.99,1),(164,5,'Economy Class',450.90,1),(164,6,'Economy Class',600.65,1),(164,9,'Economy Class',90.99,1),(165,1,'Economic',450.29,1),(165,3,'Economy Class',250.00,1),(165,4,'Economy Class',90.99,1),(165,5,'Economy Class',450.90,1),(165,6,'Economy Class',600.65,1),(165,9,'Economy Class',90.99,1),(166,1,'Economic',450.29,1),(166,3,'Economy Class',250.00,1),(166,4,'Economy Class',90.99,1),(166,5,'Economy Class',450.90,1),(166,6,'Economy Class',600.65,1),(166,9,'Economy Class',90.99,1),(167,1,'Economic',450.29,1),(167,3,'Economy Class',250.00,1),(167,4,'Economy Class',90.99,1),(167,5,'Economy Class',450.90,1),(167,6,'Economy Class',600.65,1),(167,9,'Economy Class',90.99,1),(168,1,'Economic',450.29,1),(168,3,'Economy Class',250.00,1),(168,4,'Economy Class',90.99,1),(168,5,'Economy Class',450.90,1),(168,6,'Economy Class',600.65,1),(168,9,'Economy Class',90.99,1),(169,1,'Economic',450.29,1),(169,3,'Economy Class',250.00,1),(169,4,'Economy Class',90.99,1),(169,5,'Economy Class',450.90,1),(169,6,'Economy Class',600.65,1),(169,9,'Economy Class',90.99,1),(170,1,'Economic',450.29,1),(170,3,'Economy Class',250.00,1),(170,4,'Economy Class',90.99,1),(170,5,'Economy Class',450.90,1),(170,6,'Economy Class',600.65,1),(170,9,'Economy Class',90.99,1),(171,1,'Economic',450.29,1),(171,3,'Economy Class',250.00,1),(171,4,'Economy Class',90.99,1),(171,5,'Economy Class',450.90,1),(171,6,'Economy Class',600.65,1),(171,9,'Economy Class',90.99,1),(172,1,'Economic',450.29,1),(172,3,'Economy Class',250.00,1),(172,4,'Economy Class',90.99,1),(172,5,'Economy Class',450.90,1),(172,6,'Economy Class',600.65,1),(172,9,'Economy Class',90.99,1),(173,1,'Economic',450.29,1),(173,3,'Economy Class',250.00,1),(173,4,'Economy Class',90.99,1),(173,5,'Economy Class',450.90,1),(173,6,'Economy Class',600.65,1),(173,9,'Economy Class',90.99,1),(174,1,'Economic',450.29,1),(174,3,'Economy Class',250.00,1),(174,4,'Economy Class',90.99,1),(174,5,'Economy Class',450.90,1),(174,6,'Economy Class',600.65,1),(174,9,'Economy Class',90.99,1),(175,1,'Economic',450.29,1),(175,3,'Economy Class',250.00,1),(175,4,'Economy Class',90.99,1),(175,5,'Economy Class',450.90,1),(175,6,'Economy Class',600.65,1),(175,9,'Economy Class',90.99,1),(176,1,'Economic',450.29,1),(176,3,'Economy Class',250.00,1),(176,4,'Economy Class',90.99,1),(176,5,'Economy Class',450.90,1),(176,6,'Economy Class',600.65,1),(176,9,'Economy Class',90.99,1),(177,1,'Economic',450.29,1),(177,3,'Economy Class',250.00,1),(177,4,'Economy Class',90.99,1),(177,5,'Economy Class',450.90,1),(177,6,'Economy Class',600.65,1),(177,9,'Economy Class',90.99,1),(178,1,'Economic',450.29,1),(178,3,'Economy Class',250.00,1),(178,4,'Economy Class',90.99,1),(178,5,'Economy Class',450.90,1),(178,6,'Economy Class',600.65,1),(178,9,'Economy Class',90.99,1),(179,1,'Economic',450.29,1),(179,3,'Economy Class',250.00,1),(179,4,'Economy Class',90.99,1),(179,5,'Economy Class',450.90,1),(179,6,'Economy Class',600.65,1),(179,9,'Economy Class',90.99,1),(180,1,'Economic',450.29,1),(180,3,'Economy Class',250.00,1),(180,4,'Economy Class',90.99,1),(180,5,'Economy Class',450.90,1),(180,6,'Economy Class',600.65,1),(180,9,'Economy Class',90.99,1),(181,1,'Economic',450.29,1),(181,3,'Economy Class',250.00,1),(181,4,'Economy Class',90.99,1),(181,5,'Economy Class',450.90,1),(181,6,'Economy Class',600.65,1),(181,9,'Economy Class',90.99,1),(182,1,'Economic',450.29,1),(182,3,'Economy Class',250.00,1),(182,4,'Economy Class',90.99,1),(182,5,'Economy Class',450.90,1),(182,6,'Economy Class',600.65,1),(182,9,'Economy Class',90.99,1),(183,1,'Economic',450.29,1),(183,3,'Economy Class',250.00,1),(183,4,'Economy Class',90.99,1),(183,5,'Economy Class',450.90,1),(183,6,'Economy Class',600.65,1),(183,9,'Economy Class',90.99,1),(184,1,'Economic',450.29,1),(184,3,'Economy Class',250.00,1),(184,4,'Economy Class',90.99,1),(184,5,'Economy Class',450.90,1),(184,6,'Economy Class',600.65,1),(184,9,'Economy Class',90.99,1),(185,1,'Economic',450.29,1),(185,3,'Economy Class',250.00,1),(185,4,'Economy Class',90.99,1),(185,5,'Economy Class',450.90,1),(185,6,'Economy Class',600.65,1),(185,9,'Economy Class',90.99,1),(186,1,'Economic',450.29,1),(186,3,'Economy Class',250.00,1),(186,4,'Economy Class',90.99,1),(186,5,'Economy Class',450.90,1),(186,6,'Economy Class',600.65,1),(186,9,'Economy Class',90.99,1),(187,1,'Economic',450.29,1),(187,3,'Economy Class',250.00,1),(187,4,'Economy Class',90.99,1),(187,5,'Economy Class',450.90,1),(187,6,'Economy Class',600.65,1),(187,9,'Economy Class',90.99,1),(188,1,'Economic',450.29,1),(188,3,'Economy Class',250.00,1),(188,4,'Economy Class',90.99,1),(188,5,'Economy Class',450.90,1),(188,6,'Economy Class',600.65,1),(188,9,'Economy Class',90.99,1),(189,1,'Economic',450.29,1),(189,3,'Economy Class',250.00,1),(189,4,'Economy Class',90.99,1),(189,5,'Economy Class',450.90,1),(189,6,'Economy Class',600.65,1),(189,9,'Economy Class',90.99,1),(190,1,'Economic',450.29,1),(190,3,'Economy Class',250.00,1),(190,4,'Economy Class',90.99,1),(190,5,'Economy Class',450.90,1),(190,6,'Economy Class',600.65,1),(190,9,'Economy Class',90.99,1),(191,1,'Economic',450.29,1),(191,3,'Economy Class',250.00,1),(191,4,'Economy Class',90.99,1),(191,5,'Economy Class',450.90,1),(191,6,'Economy Class',600.65,1),(191,9,'Economy Class',90.99,1),(192,1,'Economic',450.29,1),(192,3,'Economy Class',250.00,1),(192,4,'Economy Class',90.99,1),(192,5,'Economy Class',450.90,1),(192,6,'Economy Class',600.65,1),(192,9,'Economy Class',90.99,1),(193,1,'Economic',450.29,1),(193,3,'Economy Class',250.00,1),(193,4,'Economy Class',90.99,1),(193,5,'Economy Class',450.90,1),(193,6,'Economy Class',600.65,1),(193,9,'Economy Class',90.99,1),(194,1,'Economic',450.29,1),(194,3,'Economy Class',250.00,1),(194,4,'Economy Class',90.99,1),(194,5,'Economy Class',450.90,1),(194,6,'Economy Class',600.65,1),(194,9,'Economy Class',90.99,1),(195,1,'Economic',450.29,1),(195,3,'Economy Class',250.00,1),(195,4,'Economy Class',90.99,1),(195,5,'Economy Class',450.90,1),(195,6,'Economy Class',600.65,1),(195,9,'Economy Class',90.99,1),(196,1,'Economic',450.29,1),(196,3,'Economy Class',250.00,1),(196,4,'Economy Class',90.99,1),(196,5,'Economy Class',450.90,1),(196,6,'Economy Class',600.65,1),(196,9,'Economy Class',90.99,1),(197,1,'Economic',450.29,1),(197,3,'Economy Class',250.00,1),(197,4,'Economy Class',90.99,1),(197,5,'Economy Class',450.90,1),(197,6,'Economy Class',600.65,1),(197,9,'Economy Class',90.99,1),(198,1,'Economic',450.29,1),(198,3,'Economy Class',250.00,1),(198,4,'Economy Class',90.99,1),(198,5,'Economy Class',450.90,1),(198,6,'Economy Class',600.65,1),(198,9,'Economy Class',90.99,1),(199,1,'Economic',450.29,1),(199,3,'Economy Class',250.00,1),(199,4,'Economy Class',90.99,1),(199,5,'Economy Class',450.90,1),(199,6,'Economy Class',600.65,1),(199,9,'Economy Class',90.99,1),(200,1,'Economic',450.29,1),(200,3,'Economy Class',250.00,1),(200,4,'Economy Class',90.99,1),(200,5,'Economy Class',450.90,1),(200,6,'Economy Class',600.65,1),(200,9,'Economy Class',90.99,1),(201,1,'Economic',450.29,1),(201,3,'Economy Class',250.00,1),(201,5,'Economy Class',450.90,1),(201,6,'Economy Class',600.65,1),(202,1,'Economic',450.29,1),(202,3,'Economy Class',250.00,1),(202,5,'Economy Class',450.90,1),(202,6,'Economy Class',600.65,1),(203,1,'Economic',450.29,1),(203,3,'Economy Class',250.00,1),(203,5,'Economy Class',450.90,1),(203,6,'Economy Class',600.65,1),(204,1,'Economic',450.29,1),(204,3,'Economy Class',250.00,1),(204,5,'Economy Class',450.90,1),(204,6,'Economy Class',600.65,1),(205,1,'Economic',450.29,1),(205,3,'Economy Class',250.00,1),(205,5,'Economy Class',450.90,1),(205,6,'Economy Class',600.65,1),(206,1,'Economic',450.29,1),(206,3,'Economy Class',250.00,1),(206,5,'Economy Class',450.90,1),(206,6,'Economy Class',600.65,1),(207,1,'Economic',450.29,1),(207,3,'Economy Class',250.00,1),(207,5,'Economy Class',450.90,1),(207,6,'Economy Class',600.65,1),(208,1,'Economic',450.29,1),(208,3,'Economy Class',250.00,1),(208,5,'Economy Class',450.90,1),(208,6,'Economy Class',600.65,1),(209,1,'Economic',450.29,1),(209,3,'Economy Class',250.00,1),(209,5,'Economy Class',450.90,1),(209,6,'Economy Class',600.65,1),(210,1,'Economic',450.29,1),(210,3,'Economy Class',250.00,1),(210,5,'Economy Class',450.90,1),(210,6,'Economy Class',600.65,1),(211,1,'Economic',450.29,1),(211,3,'Economy Class',250.00,1),(211,5,'Economy Class',450.90,1),(211,6,'Economy Class',600.65,1),(212,1,'Economic',450.29,1),(212,3,'Economy Class',250.00,1),(212,5,'Economy Class',450.90,1),(212,6,'Economy Class',600.65,1),(213,1,'Economic',450.29,1),(213,3,'Economy Class',250.00,1),(213,5,'Economy Class',450.90,1),(213,6,'Economy Class',600.65,1),(214,1,'Economic',450.29,1),(214,3,'Economy Class',250.00,1),(214,5,'Economy Class',450.90,1),(214,6,'Economy Class',600.65,1),(215,1,'Economic',450.29,1),(215,3,'Economy Class',250.00,1),(215,5,'Economy Class',450.90,1),(215,6,'Economy Class',600.65,1),(216,1,'Economic',450.29,1),(216,3,'Economy Class',250.00,1),(216,5,'Economy Class',450.90,1),(216,6,'Economy Class',600.65,1),(217,1,'Economic',450.29,1),(217,3,'Economy Class',250.00,1),(217,5,'Economy Class',450.90,1),(217,6,'Economy Class',600.65,1),(218,1,'Economic',450.29,1),(218,3,'Economy Class',250.00,1),(218,5,'Economy Class',450.90,1),(218,6,'Economy Class',600.65,1),(219,1,'Economic',450.29,1),(219,3,'Economy Class',250.00,1),(219,5,'Economy Class',450.90,1),(219,6,'Economy Class',600.65,1),(220,1,'Economic',450.29,1),(220,3,'Economy Class',250.00,1),(220,5,'Economy Class',450.90,1),(220,6,'Economy Class',600.65,1),(221,1,'Economic',450.29,1),(221,3,'Economy Class',250.00,1),(221,5,'Economy Class',450.90,1),(221,6,'Economy Class',600.65,1),(222,1,'Economic',450.29,1),(222,3,'Economy Class',250.00,1),(222,5,'Economy Class',450.90,1),(222,6,'Economy Class',600.65,1),(223,1,'Economic',450.29,1),(223,3,'Economy Class',250.00,1),(223,5,'Economy Class',450.90,1),(223,6,'Economy Class',600.65,1),(224,1,'Economic',450.29,1),(224,3,'Economy Class',250.00,1),(224,5,'Economy Class',450.90,1),(224,6,'Economy Class',600.65,1),(225,1,'Economic',450.29,1),(225,3,'Economy Class',250.00,1),(225,5,'Economy Class',450.90,1),(225,6,'Economy Class',600.65,1),(226,1,'Economic',450.29,1),(226,3,'Economy Class',250.00,1),(226,5,'Economy Class',450.90,1),(226,6,'Economy Class',600.65,1),(227,1,'Economic',450.29,1),(227,3,'Economy Class',250.00,1),(227,5,'Economy Class',450.90,1),(227,6,'Economy Class',600.65,1),(228,1,'Economic',450.29,1),(228,3,'Economy Class',250.00,1),(228,5,'Economy Class',450.90,1),(228,6,'Economy Class',600.65,1),(229,1,'Economic',450.29,1),(229,3,'Economy Class',250.00,1),(229,5,'Economy Class',450.90,1),(229,6,'Economy Class',600.65,1),(230,1,'Economic',450.29,1),(230,3,'Economy Class',250.00,1),(230,5,'Economy Class',450.90,1),(230,6,'Economy Class',600.65,1),(231,1,'Economic',450.29,1),(231,3,'Economy Class',250.00,1),(231,5,'Economy Class',450.90,1),(231,6,'Economy Class',600.65,1),(232,1,'Economic',450.29,1),(232,3,'Economy Class',250.00,1),(232,5,'Economy Class',450.90,1),(232,6,'Economy Class',600.65,1),(233,1,'Economic',450.29,1),(233,3,'Economy Class',250.00,1),(233,5,'Economy Class',450.90,1),(233,6,'Economy Class',600.65,1),(234,1,'Economic',450.29,1),(234,3,'Economy Class',250.00,1),(234,5,'Economy Class',450.90,1),(234,6,'Economy Class',600.65,1),(235,1,'Economic',450.29,1),(235,3,'Economy Class',250.00,1),(235,5,'Economy Class',450.90,1),(235,6,'Economy Class',600.65,1),(236,1,'Economic',450.29,1),(236,3,'Economy Class',250.00,1),(236,5,'Economy Class',450.90,1),(236,6,'Economy Class',600.65,1),(237,1,'Economic',450.29,1),(237,3,'Economy Class',250.00,1),(237,5,'Economy Class',450.90,1),(237,6,'Economy Class',600.65,1),(238,1,'Economic',450.29,1),(238,3,'Economy Class',250.00,1),(238,5,'Economy Class',450.90,1),(238,6,'Economy Class',600.65,1),(239,1,'Economic',450.29,1),(239,3,'Economy Class',250.00,1),(239,5,'Economy Class',450.90,1),(239,6,'Economy Class',600.65,1),(240,1,'Economic',450.29,1),(240,3,'Economy Class',250.00,1),(240,5,'Economy Class',450.90,1),(240,6,'Economy Class',600.65,1),(241,1,'Economic',450.29,1),(241,3,'Economy Class',250.00,1),(241,5,'Economy Class',450.90,1),(241,6,'Economy Class',600.65,1),(242,1,'Economic',450.29,1),(242,3,'Economy Class',250.00,1),(242,5,'Economy Class',450.90,1),(242,6,'Economy Class',600.65,1),(243,1,'Economic',450.29,1),(243,3,'Economy Class',250.00,1),(243,5,'Economy Class',450.90,1),(243,6,'Economy Class',600.65,1),(244,1,'Economic',450.29,1),(244,3,'Economy Class',250.00,1),(244,5,'Economy Class',450.90,1),(244,6,'Economy Class',600.65,1),(245,1,'Economic',450.29,1),(245,3,'Economy Class',250.00,1),(245,5,'Economy Class',450.90,1),(245,6,'Economy Class',600.65,1),(246,1,'Economic',450.29,1),(246,3,'Economy Class',250.00,1),(246,5,'Economy Class',450.90,1),(246,6,'Economy Class',600.65,1),(247,1,'Economic',450.29,1),(247,3,'Economy Class',250.00,1),(247,5,'Economy Class',450.90,1),(247,6,'Economy Class',600.65,1),(248,1,'Economic',450.29,1),(248,3,'Economy Class',250.00,1),(248,5,'Economy Class',450.90,1),(248,6,'Economy Class',600.65,1),(249,1,'Economic',450.29,1),(249,3,'Economy Class',250.00,1),(249,5,'Economy Class',450.90,1),(249,6,'Economy Class',600.65,1),(250,1,'Economic',450.29,1),(250,3,'Economy Class',250.00,1),(250,5,'Economy Class',450.90,1),(250,6,'Economy Class',600.65,1),(251,1,'Economic',450.29,1),(251,3,'Economy Class',250.00,1),(251,5,'Economy Class',450.90,1),(251,6,'Economy Class',600.65,1),(252,1,'Economic',450.29,1),(252,3,'Economy Class',250.00,1),(252,5,'Economy Class',450.90,1),(252,6,'Economy Class',600.65,1),(253,1,'Economic',450.29,1),(253,3,'Economy Class',250.00,1),(253,5,'Economy Class',450.90,1),(253,6,'Economy Class',600.65,1),(254,1,'Economic',450.29,1),(254,3,'Economy Class',250.00,1),(254,5,'Economy Class',450.90,1),(254,6,'Economy Class',600.65,1),(255,1,'Economic',450.29,1),(255,3,'Economy Class',250.00,1),(255,5,'Economy Class',450.90,1),(255,6,'Economy Class',600.65,1),(256,1,'Economic',450.29,1),(256,3,'Economy Class',250.00,1),(256,5,'Economy Class',450.90,1),(256,6,'Economy Class',600.65,1),(257,1,'Economic',450.29,1),(257,3,'Economy Class',250.00,1),(257,5,'Economy Class',450.90,1),(257,6,'Economy Class',600.65,1),(258,1,'Economic',450.29,1),(258,3,'Economy Class',250.00,1),(258,5,'Economy Class',450.90,1),(258,6,'Economy Class',600.65,1),(259,1,'Economic',450.29,1),(259,3,'Economy Class',250.00,1),(259,5,'Economy Class',450.90,1),(259,6,'Economy Class',600.65,1),(260,1,'Economic',450.29,1),(260,3,'Economy Class',250.00,1),(260,5,'Economy Class',450.90,1),(260,6,'Economy Class',600.65,1),(261,1,'Economic',450.29,1),(261,3,'Economy Class',250.00,1),(261,5,'Economy Class',450.90,1),(261,6,'Economy Class',600.65,1),(262,1,'Economic',450.29,1),(262,3,'Economy Class',250.00,1),(262,5,'Economy Class',450.90,1),(262,6,'Economy Class',600.65,1),(263,1,'Economic',450.29,1),(263,3,'Economy Class',250.00,1),(263,5,'Economy Class',450.90,1),(263,6,'Economy Class',600.65,1),(264,1,'Economic',450.29,1),(264,3,'Economy Class',250.00,1),(264,5,'Economy Class',450.90,1),(264,6,'Economy Class',600.65,1),(265,1,'Economic',450.29,1),(265,3,'Economy Class',250.00,1),(265,5,'Economy Class',450.90,1),(265,6,'Economy Class',600.65,1),(266,1,'Economic',450.29,1),(266,3,'Economy Class',250.00,1),(266,5,'Economy Class',450.90,1),(266,6,'Economy Class',600.65,1),(267,1,'Economic',450.29,1),(267,3,'Economy Class',250.00,1),(267,5,'Economy Class',450.90,1),(267,6,'Economy Class',600.65,1),(268,1,'Economic',450.29,1),(268,3,'Economy Class',250.00,1),(268,5,'Economy Class',450.90,1),(268,6,'Economy Class',600.65,1),(269,1,'Economic',450.29,1),(269,3,'Economy Class',250.00,1),(269,5,'Economy Class',450.90,1),(269,6,'Economy Class',600.65,1),(270,1,'Economic',450.29,1),(270,3,'Economy Class',250.00,1),(270,5,'Economy Class',450.90,1),(270,6,'Economy Class',600.65,1),(271,1,'Economic',450.29,1),(271,3,'Economy Class',250.00,1),(271,5,'Economy Class',450.90,1),(271,6,'Economy Class',600.65,1),(272,1,'Economic',450.29,1),(272,3,'Economy Class',250.00,1),(272,5,'Economy Class',450.90,1),(272,6,'Economy Class',600.65,1),(273,1,'Economic',450.29,1),(273,3,'Economy Class',250.00,1),(273,5,'Economy Class',450.90,1),(273,6,'Economy Class',600.65,1),(274,1,'Economic',450.29,1),(274,3,'Economy Class',250.00,1),(274,5,'Economy Class',450.90,1),(274,6,'Economy Class',600.65,1),(275,1,'Economic',450.29,1),(275,3,'Economy Class',250.00,1),(275,5,'Economy Class',450.90,1),(275,6,'Economy Class',600.65,1),(276,1,'Economic',450.29,1),(276,3,'Economy Class',250.00,1),(276,5,'Economy Class',450.90,1),(276,6,'Economy Class',600.65,1),(277,1,'Economic',450.29,1),(277,3,'Economy Class',250.00,1),(277,5,'Economy Class',450.90,1),(277,6,'Economy Class',600.65,1),(278,1,'Economic',450.29,1),(278,3,'Economy Class',250.00,1),(278,5,'Economy Class',450.90,1),(278,6,'Economy Class',600.65,1),(279,1,'Economic',450.29,1),(279,3,'Economy Class',250.00,1),(279,5,'Economy Class',450.90,1),(279,6,'Economy Class',600.65,1),(280,1,'Economic',450.29,1),(280,3,'Economy Class',250.00,1),(280,5,'Economy Class',450.90,1),(280,6,'Economy Class',600.65,1),(281,1,'Economic',450.29,1),(281,3,'Economy Class',250.00,1),(281,5,'Economy Class',450.90,1),(281,6,'Economy Class',600.65,1),(282,1,'Economic',450.29,1),(282,3,'Economy Class',250.00,1),(282,5,'Economy Class',450.90,1),(282,6,'Economy Class',600.65,1),(283,1,'Economic',450.29,1),(283,3,'Economy Class',250.00,1),(283,5,'Economy Class',450.90,1),(283,6,'Economy Class',600.65,1),(284,1,'Economic',450.29,1),(284,3,'Economy Class',250.00,1),(284,5,'Economy Class',450.90,1),(284,6,'Economy Class',600.65,1),(285,1,'Economic',450.29,1),(285,3,'Economy Class',250.00,1),(285,5,'Economy Class',450.90,1),(285,6,'Economy Class',600.65,1),(286,1,'Economic',450.29,1),(286,3,'Economy Class',250.00,1),(286,5,'Economy Class',450.90,1),(286,6,'Economy Class',600.65,1),(287,1,'Economic',450.29,1),(287,3,'Economy Class',250.00,1),(287,5,'Economy Class',450.90,1),(287,6,'Economy Class',600.65,1),(288,1,'Economic',450.29,1),(288,3,'Economy Class',250.00,1),(288,5,'Economy Class',450.90,1),(288,6,'Economy Class',600.65,1),(289,1,'Economic',450.29,1),(289,3,'Economy Class',250.00,1),(289,5,'Economy Class',450.90,1),(289,6,'Economy Class',600.65,1),(290,1,'Economic',450.29,1),(290,3,'Economy Class',250.00,1),(290,5,'Economy Class',450.90,1),(290,6,'Economy Class',600.65,1),(291,1,'Economic',450.29,1),(291,3,'Economy Class',250.00,1),(291,5,'Economy Class',450.90,1),(291,6,'Economy Class',600.65,1),(292,1,'Economic',450.29,1),(292,3,'Economy Class',250.00,1),(292,5,'Economy Class',450.90,1),(292,6,'Economy Class',600.65,1),(293,1,'Economic',450.29,1),(293,3,'Economy Class',250.00,1),(293,5,'Economy Class',450.90,1),(293,6,'Economy Class',600.65,1),(294,1,'Economic',450.29,1),(294,3,'Economy Class',250.00,1),(294,5,'Economy Class',450.90,1),(294,6,'Economy Class',600.65,1),(295,1,'Economic',450.29,1),(295,3,'Economy Class',250.00,1),(295,5,'Economy Class',450.90,1),(295,6,'Economy Class',600.65,1),(296,1,'Economic',450.29,1),(296,3,'Economy Class',250.00,1),(296,5,'Economy Class',450.90,1),(296,6,'Economy Class',600.65,1),(297,1,'Economic',450.29,1),(297,3,'Economy Class',250.00,1),(297,5,'Economy Class',450.90,1),(297,6,'Economy Class',600.65,1),(298,1,'Economic',450.29,1),(298,3,'Economy Class',250.00,1),(298,5,'Economy Class',450.90,1),(298,6,'Economy Class',600.65,1),(299,1,'Economic',450.29,1),(299,3,'Economy Class',250.00,1),(299,5,'Economy Class',450.90,1),(299,6,'Economy Class',600.65,1),(300,1,'Economic',450.29,1),(300,3,'Economy Class',250.00,1),(300,5,'Economy Class',450.90,1),(300,6,'Economy Class',600.65,1),(301,1,'Economic',450.29,1),(301,3,'Economy Class',250.00,1),(301,5,'Economy Class',450.90,1),(301,6,'Economy Class',600.65,1),(302,1,'Economic',450.29,1),(302,3,'Economy Class',250.00,1),(302,5,'Economy Class',450.90,1),(302,6,'Economy Class',600.65,1),(303,1,'Economic',450.29,1),(303,3,'Economy Class',250.00,1),(303,5,'Economy Class',450.90,1),(303,6,'Economy Class',600.65,1),(304,1,'Economic',450.29,1),(304,3,'Economy Class',250.00,1),(304,5,'Economy Class',450.90,1),(304,6,'Economy Class',600.65,1),(305,1,'Economic',450.29,1),(305,3,'Economy Class',250.00,1),(305,5,'Economy Class',450.90,1),(305,6,'Economy Class',600.65,1),(306,1,'Economic',450.29,1),(306,3,'Economy Class',250.00,1),(306,5,'Economy Class',450.90,1),(306,6,'Economy Class',600.65,1),(307,1,'Economic',450.29,1),(307,3,'Economy Class',250.00,1),(307,5,'Economy Class',450.90,1),(307,6,'Economy Class',600.65,1),(308,1,'Economic',450.29,1),(308,3,'Economy Class',250.00,1),(308,5,'Economy Class',450.90,1),(308,6,'Economy Class',600.65,1),(309,1,'Economic',450.29,1),(309,3,'Economy Class',250.00,1),(309,5,'Economy Class',450.90,1),(309,6,'Economy Class',600.65,1),(310,1,'Economic',450.29,1),(310,3,'Economy Class',250.00,1),(310,5,'Economy Class',450.90,1),(310,6,'Economy Class',600.65,1),(311,1,'Economic',450.29,1),(311,3,'Economy Class',250.00,1),(311,5,'Economy Class',450.90,1),(311,6,'Economy Class',600.65,1),(312,1,'Economic',450.29,1),(312,3,'Economy Class',250.00,1),(312,5,'Economy Class',450.90,1),(312,6,'Economy Class',600.65,1),(313,1,'Economic',450.29,1),(313,3,'Economy Class',250.00,1),(313,5,'Economy Class',450.90,1),(313,6,'Economy Class',600.65,1),(314,1,'Economic',450.29,1),(314,3,'Economy Class',250.00,1),(314,5,'Economy Class',450.90,1),(314,6,'Economy Class',600.65,1),(315,1,'Economic',450.29,1),(315,3,'Economy Class',250.00,1),(315,5,'Economy Class',450.90,1),(315,6,'Economy Class',600.65,1),(316,1,'Economic',450.29,1),(316,3,'Economy Class',250.00,1),(316,5,'Economy Class',450.90,1),(316,6,'Economy Class',600.65,1),(317,1,'Economic',450.29,1),(317,3,'Economy Class',250.00,1),(317,5,'Economy Class',450.90,1),(317,6,'Economy Class',600.65,1),(318,1,'Economic',450.29,1),(318,3,'Economy Class',250.00,1),(318,5,'Economy Class',450.90,1),(318,6,'Economy Class',600.65,1),(319,1,'Economic',450.29,1),(319,3,'Economy Class',250.00,1),(319,5,'Economy Class',450.90,1),(319,6,'Economy Class',600.65,1),(320,1,'Economic',450.29,1),(320,3,'Economy Class',250.00,1),(320,5,'Economy Class',450.90,1),(320,6,'Economy Class',600.65,1),(321,1,'Economic',450.29,1),(321,3,'Economy Class',250.00,1),(321,5,'Economy Class',450.90,1),(321,6,'Economy Class',600.65,1),(322,1,'Economic',450.29,1),(322,3,'Economy Class',250.00,1),(322,5,'Economy Class',450.90,1),(322,6,'Economy Class',600.65,1),(323,1,'Economic',450.29,1),(323,3,'Economy Class',250.00,1),(323,5,'Economy Class',450.90,1),(323,6,'Economy Class',600.65,1),(324,1,'Economic',450.29,1),(324,5,'Economy Class',450.90,1),(324,6,'Economy Class',600.65,1),(325,1,'Economic',450.29,1),(325,5,'Economy Class',450.90,1),(325,6,'Economy Class',600.65,1),(326,1,'Economic',450.29,1),(326,5,'Economy Class',450.90,1),(326,6,'Economy Class',600.65,1),(327,1,'Economic',450.29,1),(327,5,'Economy Class',450.90,1),(327,6,'Economy Class',600.65,1),(328,1,'Economic',450.29,1),(328,5,'Economy Class',450.90,1),(328,6,'Economy Class',600.65,1),(329,1,'Economic',450.29,1),(329,5,'Economy Class',450.90,1),(329,6,'Economy Class',600.65,1),(330,1,'Economic',450.29,1),(330,5,'Economy Class',450.90,1),(330,6,'Economy Class',600.65,1),(331,1,'Economic',450.29,1),(331,5,'Economy Class',450.90,1),(331,6,'Economy Class',600.65,1),(332,1,'Economic',450.29,1),(332,5,'Economy Class',450.90,1),(332,6,'Economy Class',600.65,1),(333,1,'Economic',450.29,1),(333,5,'Economy Class',450.90,1),(333,6,'Economy Class',600.65,1),(334,1,'Economic',450.29,1),(334,5,'Economy Class',450.90,1),(334,6,'Economy Class',600.65,1),(335,1,'Economic',450.29,1),(335,5,'Economy Class',450.90,1),(335,6,'Economy Class',600.65,1),(336,1,'Economic',450.29,1),(336,5,'Economy Class',450.90,1),(336,6,'Economy Class',600.65,1),(337,1,'Economic',450.29,1),(337,5,'Economy Class',450.90,1),(337,6,'Economy Class',600.65,1),(338,1,'Economic',450.29,1),(338,5,'Economy Class',450.90,1),(338,6,'Economy Class',600.65,1),(339,1,'Economic',450.29,1),(339,5,'Economy Class',450.90,1),(339,6,'Economy Class',600.65,1),(340,1,'Economic',450.29,1),(340,5,'Economy Class',450.90,1),(340,6,'Economy Class',600.65,1),(341,1,'Economic',450.29,1),(341,5,'Economy Class',450.90,1),(341,6,'Economy Class',600.65,1),(342,1,'Economic',450.29,1),(342,5,'Economy Class',450.90,1),(342,6,'Economy Class',600.65,1),(343,1,'Economic',450.29,1),(343,5,'Economy Class',450.90,1),(343,6,'Economy Class',600.65,1),(344,1,'Economic',450.29,1),(344,5,'Economy Class',450.90,1),(344,6,'Economy Class',600.65,1),(345,1,'Economic',450.29,1),(345,5,'Economy Class',450.90,1),(345,6,'Economy Class',600.65,1),(346,1,'Economic',450.29,1),(346,5,'Economy Class',450.90,1),(346,6,'Economy Class',600.65,1),(347,1,'Economic',450.29,1),(347,5,'Economy Class',450.90,1),(347,6,'Economy Class',600.65,1),(348,1,'Economic',450.29,1),(348,5,'Economy Class',450.90,1),(348,6,'Economy Class',600.65,1),(349,1,'Economic',450.29,1),(349,5,'Economy Class',450.90,1),(349,6,'Economy Class',600.65,1),(350,1,'Economic',450.29,1),(350,5,'Economy Class',450.90,1),(350,6,'Economy Class',600.65,1),(351,1,'Economic',450.29,1),(351,5,'Economy Class',450.90,1),(351,6,'Economy Class',600.65,1),(352,1,'Economic',450.29,1),(352,5,'Economy Class',450.90,1),(352,6,'Economy Class',600.65,1),(353,1,'Economic',450.29,1),(353,5,'Economy Class',450.90,1),(353,6,'Economy Class',600.65,1),(354,1,'Economic',450.29,1),(354,5,'Economy Class',450.90,1),(354,6,'Economy Class',600.65,1),(355,1,'Economic',450.29,1),(355,5,'Economy Class',450.90,1),(355,6,'Economy Class',600.65,1),(356,1,'Economic',450.29,1),(356,5,'Economy Class',450.90,1),(356,6,'Economy Class',600.65,1),(357,1,'Economic',450.29,1),(357,5,'Economy Class',450.90,1),(357,6,'Economy Class',600.65,1),(358,1,'Economic',450.29,1),(358,5,'Economy Class',450.90,1),(358,6,'Economy Class',600.65,1),(359,1,'Economic',450.29,1),(359,5,'Economy Class',450.90,1),(359,6,'Economy Class',600.65,1),(360,1,'Economic',450.29,1),(360,5,'Economy Class',450.90,1),(360,6,'Economy Class',600.65,1),(361,1,'Economic',450.29,1),(361,5,'Economy Class',450.90,1),(361,6,'Economy Class',600.65,1),(362,1,'Economic',450.29,1),(362,5,'Economy Class',450.90,1),(362,6,'Economy Class',600.65,1),(363,1,'Economic',450.29,1),(363,5,'Economy Class',450.90,1),(363,6,'Economy Class',600.65,1),(364,1,'Economic',450.29,1),(364,5,'Economy Class',450.90,1),(364,6,'Economy Class',600.65,1),(365,1,'Economic',450.29,1),(365,5,'Economy Class',450.90,1),(365,6,'Economy Class',600.65,1),(366,1,'Economic',450.29,1),(366,5,'Economy Class',450.90,1),(366,6,'Economy Class',600.65,1),(367,1,'Economic',450.29,1),(367,5,'Economy Class',450.90,1),(367,6,'Economy Class',600.65,1),(368,1,'Economic',450.29,1),(368,5,'Economy Class',450.90,1),(368,6,'Economy Class',600.65,1),(369,1,'Economic',450.29,1),(369,5,'Economy Class',450.90,1),(369,6,'Economy Class',600.65,1),(370,1,'Economic',450.29,1),(370,5,'Economy Class',450.90,1),(370,6,'Economy Class',600.65,1),(371,1,'Economic',450.29,1),(371,5,'Economy Class',450.90,1),(371,6,'Economy Class',600.65,1),(372,1,'Economic',450.29,1),(372,5,'Economy Class',450.90,1),(372,6,'Economy Class',600.65,1),(373,1,'Economic',450.29,1),(373,5,'Economy Class',450.90,1),(373,6,'Economy Class',600.65,1),(374,1,'Economic',450.29,1),(374,5,'Economy Class',450.90,1),(374,6,'Economy Class',600.65,1),(375,1,'Economic',450.29,1),(375,5,'Economy Class',450.90,1),(375,6,'Economy Class',600.65,1),(376,1,'Economic',450.29,1),(376,5,'Economy Class',450.90,1),(376,6,'Economy Class',600.65,1),(377,1,'Economic',450.29,1),(377,5,'Economy Class',450.90,1),(377,6,'Economy Class',600.65,1),(378,1,'Economic',450.29,1),(378,5,'Economy Class',450.90,1),(378,6,'Economy Class',600.65,1),(379,1,'Economic',450.29,1),(379,5,'Economy Class',450.90,1),(379,6,'Economy Class',600.65,1),(380,1,'Economic',450.29,1),(380,5,'Economy Class',450.90,1),(380,6,'Economy Class',600.65,1),(381,1,'Economic',450.29,1),(381,5,'Economy Class',450.90,1),(381,6,'Economy Class',600.65,1),(382,1,'Economic',450.29,1),(382,5,'Economy Class',450.90,1),(382,6,'Economy Class',600.65,1),(383,1,'Economic',450.29,1),(383,5,'Economy Class',450.90,1),(383,6,'Economy Class',600.65,1),(384,1,'Economic',450.29,1),(384,5,'Economy Class',450.90,1),(384,6,'Economy Class',600.65,1),(385,1,'Economic',450.29,1),(385,5,'Economy Class',450.90,1),(385,6,'Economy Class',600.65,1),(386,1,'Economic',450.29,1),(386,5,'Economy Class',450.90,1),(386,6,'Economy Class',600.65,1),(387,1,'Economic',450.29,1),(387,5,'Economy Class',450.90,1),(387,6,'Economy Class',600.65,1),(388,1,'Economic',450.29,1),(388,5,'Economy Class',450.90,1),(388,6,'Economy Class',600.65,1),(389,1,'Economic',450.29,1),(389,5,'Economy Class',450.90,1),(389,6,'Economy Class',600.65,1),(390,1,'Economic',450.29,1),(390,5,'Economy Class',450.90,1),(390,6,'Economy Class',600.65,1),(391,1,'Economic',450.29,1),(391,5,'Economy Class',450.90,1),(391,6,'Economy Class',600.65,1),(392,1,'Economic',450.29,1),(392,5,'Economy Class',450.90,1),(392,6,'Economy Class',600.65,1),(393,1,'Economic',450.29,1),(393,5,'Economy Class',450.90,1),(393,6,'Economy Class',600.65,1),(394,1,'Economic',450.29,1),(394,5,'Economy Class',450.90,1),(394,6,'Economy Class',600.65,1),(395,1,'Economic',450.29,1),(395,5,'Economy Class',450.90,1),(395,6,'Economy Class',600.65,1),(396,1,'Economic',450.29,1),(396,5,'Economy Class',450.90,1),(396,6,'Economy Class',600.65,1),(397,1,'Economic',450.29,1),(397,5,'Economy Class',450.90,1),(397,6,'Economy Class',600.65,1),(398,1,'Economic',450.29,1),(398,5,'Economy Class',450.90,1),(398,6,'Economy Class',600.65,1),(399,1,'Economic',450.29,1),(399,5,'Economy Class',450.90,1),(399,6,'Economy Class',600.65,1),(400,1,'Economic',450.29,1),(400,5,'Economy Class',450.90,1),(400,6,'Economy Class',600.65,1),(401,1,'Economic',450.29,1),(401,5,'Economy Class',450.90,1),(401,6,'Economy Class',600.65,1),(402,1,'Economic',450.29,1),(402,5,'Economy Class',450.90,1),(402,6,'Economy Class',600.65,1),(403,1,'Economic',450.29,1),(403,5,'Economy Class',450.90,1),(403,6,'Economy Class',600.65,1),(404,1,'Economic',450.29,1),(404,5,'Economy Class',450.90,1),(404,6,'Economy Class',600.65,1),(405,1,'Economic',450.29,1),(405,5,'Economy Class',450.90,1),(405,6,'Economy Class',600.65,1),(406,1,'Economic',450.29,1),(406,5,'Economy Class',450.90,1),(406,6,'Economy Class',600.65,1),(407,1,'Economic',450.29,1),(407,5,'Economy Class',450.90,1),(407,6,'Economy Class',600.65,1),(408,1,'Economic',450.29,1),(408,5,'Economy Class',450.90,1),(408,6,'Economy Class',600.65,1),(409,1,'Economic',450.29,1),(409,5,'Economy Class',450.90,1),(409,6,'Economy Class',600.65,1),(410,1,'Economic',450.29,1),(410,5,'Economy Class',450.90,1),(410,6,'Economy Class',600.65,1),(411,1,'Economic',450.29,1),(411,5,'Economy Class',450.90,1),(411,6,'Economy Class',600.65,1),(412,1,'Economic',450.29,1),(412,5,'Economy Class',450.90,1),(412,6,'Economy Class',600.65,1),(413,1,'Economic',450.29,1),(413,5,'Economy Class',450.90,1),(413,6,'Economy Class',600.65,1),(414,1,'Economic',450.29,1),(414,5,'Economy Class',450.90,1),(414,6,'Economy Class',600.65,1),(415,1,'Economic',450.29,1),(415,5,'Economy Class',450.90,1),(415,6,'Economy Class',600.65,1),(416,1,'Economic',450.29,1),(416,5,'Economy Class',450.90,1),(416,6,'Economy Class',600.65,1),(417,1,'Economic',450.29,1),(417,5,'Economy Class',450.90,1),(417,6,'Economy Class',600.65,1),(418,1,'Economic',450.29,1),(418,5,'Economy Class',450.90,1),(418,6,'Economy Class',600.65,1),(419,1,'Economic',450.29,1),(419,5,'Economy Class',450.90,1),(419,6,'Economy Class',600.65,1),(420,1,'Economic',450.29,1),(420,5,'Economy Class',450.90,1),(420,6,'Economy Class',600.65,1),(421,1,'Economic',450.29,1),(421,5,'Economy Class',450.90,1),(421,6,'Economy Class',600.65,1),(422,1,'Economic',450.29,1),(422,5,'Economy Class',450.90,1),(422,6,'Economy Class',600.65,1),(423,1,'Economic',450.29,1),(423,5,'Economy Class',450.90,1),(423,6,'Economy Class',600.65,1),(424,1,'Economic',450.29,1),(424,5,'Economy Class',450.90,1),(424,6,'Economy Class',600.65,1),(425,1,'Economic',450.29,1),(425,5,'Economy Class',450.90,1),(425,6,'Economy Class',600.65,1),(426,1,'Economic',450.29,1),(426,5,'Economy Class',450.90,1),(426,6,'Economy Class',600.65,1),(427,1,'Economic',450.29,1),(427,5,'Economy Class',450.90,1),(427,6,'Economy Class',600.65,1),(428,1,'Economic',450.29,1),(428,5,'Economy Class',450.90,1),(428,6,'Economy Class',600.65,1),(429,1,'Economic',450.29,1),(429,5,'Economy Class',450.90,1),(429,6,'Economy Class',600.65,1),(430,1,'Economic',450.29,1),(430,5,'Economy Class',450.90,1),(430,6,'Economy Class',600.65,1),(431,1,'Economic',450.29,1),(431,5,'Economy Class',450.90,1),(431,6,'Economy Class',600.65,1),(432,1,'Economic',450.29,1),(432,5,'Economy Class',450.90,1),(432,6,'Economy Class',600.65,1),(433,1,'Economic',450.29,1),(433,5,'Economy Class',450.90,1),(433,6,'Economy Class',600.65,1),(434,1,'Economic',450.29,1),(434,5,'Economy Class',450.90,1),(434,6,'Economy Class',600.65,1),(435,1,'Economic',450.29,1),(435,5,'Economy Class',450.90,1),(435,6,'Economy Class',600.65,1),(436,1,'Economic',450.29,1),(436,5,'Economy Class',450.90,1),(436,6,'Economy Class',600.65,1),(437,1,'Economic',450.29,1),(437,5,'Economy Class',450.90,1),(437,6,'Economy Class',600.65,1),(438,1,'Economic',450.29,1),(438,5,'Economy Class',450.90,1),(438,6,'Economy Class',600.65,1),(439,1,'Economic',450.29,1),(439,5,'Economy Class',450.90,1),(439,6,'Economy Class',600.65,1),(440,1,'Economic',450.29,1),(440,5,'Economy Class',450.90,1),(440,6,'Economy Class',600.65,1),(441,1,'Economic',450.29,1),(441,5,'Economy Class',450.90,1),(441,6,'Economy Class',600.65,1),(442,1,'Economic',450.29,1),(442,5,'Economy Class',450.90,1),(442,6,'Economy Class',600.65,1),(443,1,'Economic',450.29,1),(443,5,'Economy Class',450.90,1),(443,6,'Economy Class',600.65,1),(444,1,'Economic',450.29,1),(444,5,'Economy Class',450.90,1),(444,6,'Economy Class',600.65,1),(445,1,'Economic',450.29,1),(445,5,'Economy Class',450.90,1),(445,6,'Economy Class',600.65,1),(446,1,'Economic',450.29,1),(446,5,'Economy Class',450.90,1),(446,6,'Economy Class',600.65,1),(447,1,'Economic',450.29,1),(447,5,'Economy Class',450.90,1),(447,6,'Economy Class',600.65,1),(448,1,'Economic',450.29,1),(448,5,'Economy Class',450.90,1),(448,6,'Economy Class',600.65,1),(449,1,'Economic',450.29,1),(449,5,'Economy Class',450.90,1),(449,6,'Economy Class',600.65,1),(450,1,'Economic',450.29,1),(450,5,'Economy Class',450.90,1),(450,6,'Economy Class',600.65,1),(451,1,'Economic',450.29,1),(451,5,'Economy Class',450.90,1),(451,6,'Economy Class',600.65,1),(452,1,'Economic',450.29,1),(452,5,'Economy Class',450.90,1),(452,6,'Economy Class',600.65,1),(453,1,'Economic',450.29,1),(453,5,'Economy Class',450.90,1),(453,6,'Economy Class',600.65,1),(454,1,'Economic',450.29,1),(454,5,'Economy Class',450.90,1),(454,6,'Economy Class',600.65,1),(455,1,'Economic',450.29,1),(455,5,'Economy Class',450.90,1),(455,6,'Economy Class',600.65,1),(456,1,'Economic',450.29,1),(456,5,'Economy Class',450.90,1),(456,6,'Economy Class',600.65,1),(457,1,'Economic',450.29,1),(457,5,'Economy Class',450.90,1),(457,6,'Economy Class',600.65,1),(458,1,'Economic',450.29,1),(458,5,'Economy Class',450.90,1),(458,6,'Economy Class',600.65,1),(459,1,'Economic',450.29,1),(459,5,'Economy Class',450.90,1),(459,6,'Economy Class',600.65,1),(460,1,'Economic',450.29,1),(460,5,'Economy Class',450.90,1),(460,6,'Economy Class',600.65,1),(461,1,'Economic',450.29,1),(461,5,'Economy Class',450.90,1),(461,6,'Economy Class',600.65,1),(462,1,'Economic',450.29,1),(462,5,'Economy Class',450.90,1),(462,6,'Economy Class',600.65,1),(463,1,'Economic',450.29,1),(463,5,'Economy Class',450.90,1),(463,6,'Economy Class',600.65,1),(464,1,'Economic',450.29,1),(464,5,'Economy Class',450.90,1),(464,6,'Economy Class',600.65,1),(465,1,'Economic',450.29,1),(465,5,'Economy Class',450.90,1),(465,6,'Economy Class',600.65,1),(466,1,'Economic',450.29,1),(466,5,'Economy Class',450.90,1),(466,6,'Economy Class',600.65,1),(467,1,'Economic',450.29,1),(467,5,'Economy Class',450.90,1),(467,6,'Economy Class',600.65,1),(468,1,'Economic',450.29,1),(468,5,'Economy Class',450.90,1),(468,6,'Economy Class',600.65,1),(469,1,'Economic',450.29,1),(469,5,'Economy Class',450.90,1),(469,6,'Economy Class',600.65,1),(470,1,'Economic',450.29,1),(470,5,'Economy Class',450.90,1),(470,6,'Economy Class',600.65,1),(471,1,'Economic',450.29,1),(471,5,'Economy Class',450.90,1),(471,6,'Economy Class',600.65,1),(472,1,'Economic',450.29,1),(472,5,'Economy Class',450.90,1),(472,6,'Economy Class',600.65,1),(473,1,'Economic',450.29,1),(473,5,'Economy Class',450.90,1),(473,6,'Economy Class',600.65,1),(474,1,'Economic',450.29,1),(474,5,'Economy Class',450.90,1),(474,6,'Economy Class',600.65,1),(475,1,'Economic',450.29,1),(475,5,'Economy Class',450.90,1),(475,6,'Economy Class',600.65,1),(476,1,'Economic',450.29,1),(476,5,'Economy Class',450.90,1),(476,6,'Economy Class',600.65,1),(477,1,'Economic',450.29,1),(477,5,'Economy Class',450.90,1),(477,6,'Economy Class',600.65,1),(478,1,'Economic',450.29,1),(478,5,'Economy Class',450.90,1),(478,6,'Economy Class',600.65,1),(479,1,'Economic',450.29,1),(479,5,'Economy Class',450.90,1),(479,6,'Economy Class',600.65,1),(480,1,'Economic',450.29,1),(480,5,'Economy Class',450.90,1),(480,6,'Economy Class',600.65,1),(481,1,'Economic',450.29,1),(481,5,'Economy Class',450.90,1),(481,6,'Economy Class',600.65,1),(482,1,'Economic',450.29,1),(482,5,'Economy Class',450.90,1),(482,6,'Economy Class',600.65,1),(483,1,'Economic',450.29,1),(483,5,'Economy Class',450.90,1),(483,6,'Economy Class',600.65,1),(484,1,'Economic',450.29,1),(484,5,'Economy Class',450.90,1),(484,6,'Economy Class',600.65,1),(485,1,'Economic',450.29,1),(485,5,'Economy Class',450.90,1),(485,6,'Economy Class',600.65,1),(486,1,'Economic',450.29,1),(486,5,'Economy Class',450.90,1),(486,6,'Economy Class',600.65,1),(487,1,'Economic',450.29,1),(487,5,'Economy Class',450.90,1),(487,6,'Economy Class',600.65,1),(488,1,'Economic',450.29,1),(488,5,'Economy Class',450.90,1),(488,6,'Economy Class',600.65,1),(489,1,'Economic',450.29,1),(489,5,'Economy Class',450.90,1),(489,6,'Economy Class',600.65,1),(490,1,'Economic',450.29,1),(490,5,'Economy Class',450.90,1),(490,6,'Economy Class',600.65,1),(491,1,'Economic',450.29,1),(491,5,'Economy Class',450.90,1),(491,6,'Economy Class',600.65,1),(492,1,'Economic',450.29,1),(492,5,'Economy Class',450.90,1),(492,6,'Economy Class',600.65,1),(493,1,'Economic',450.29,1),(493,5,'Economy Class',450.90,1),(493,6,'Economy Class',600.65,1),(494,1,'Economic',450.29,1),(494,5,'Economy Class',450.90,1),(494,6,'Economy Class',600.65,1),(495,1,'Economic',450.29,1),(495,5,'Economy Class',450.90,1),(495,6,'Economy Class',600.65,1),(496,1,'Economic',450.29,1),(496,5,'Economy Class',450.90,1),(496,6,'Economy Class',600.65,1),(497,1,'Economic',450.29,1),(497,5,'Economy Class',450.90,1),(497,6,'Economy Class',600.65,1),(498,1,'Economic',450.29,1),(498,5,'Economy Class',450.90,1),(498,6,'Economy Class',600.65,1),(499,1,'Economic',450.29,1),(499,5,'Economy Class',450.90,1),(499,6,'Economy Class',600.65,1),(500,1,'Economic',450.29,1),(500,5,'Economy Class',450.90,1),(500,6,'Economy Class',600.65,1),(501,1,'Economic',450.29,1),(501,5,'Economy Class',450.90,1),(501,6,'Economy Class',600.65,1),(502,1,'Economic',450.29,1),(502,5,'Economy Class',450.90,1),(502,6,'Economy Class',600.65,1),(503,1,'Economic',450.29,1),(503,5,'Economy Class',450.90,1),(503,6,'Economy Class',600.65,1),(504,1,'Economic',450.29,1),(504,5,'Economy Class',450.90,1),(504,6,'Economy Class',600.65,1),(505,1,'Economic',450.29,1),(505,5,'Economy Class',450.90,1),(505,6,'Economy Class',600.65,1),(506,1,'Economic',450.29,1),(506,5,'Economy Class',450.90,1),(506,6,'Economy Class',600.65,1),(507,1,'Economic',450.29,1),(507,5,'Economy Class',450.90,1),(507,6,'Economy Class',600.65,1),(508,1,'Economic',450.29,1),(508,5,'Economy Class',450.90,1),(508,6,'Economy Class',600.65,1),(509,1,'Economic',450.29,1),(509,5,'Economy Class',450.90,1),(509,6,'Economy Class',600.65,1),(510,1,'Economic',450.29,1),(510,5,'Economy Class',450.90,1),(510,6,'Economy Class',600.65,1),(511,1,'Economic',450.29,1),(511,5,'Economy Class',450.90,1),(511,6,'Economy Class',600.65,1),(512,1,'Economic',450.29,1),(512,5,'Economy Class',450.90,1),(512,6,'Economy Class',600.65,1),(513,1,'Economic',450.29,1),(513,5,'Economy Class',450.90,1),(513,6,'Economy Class',600.65,1),(514,1,'Economic',450.29,1),(514,5,'Economy Class',450.90,1),(514,6,'Economy Class',600.65,1),(515,1,'Economic',450.29,1),(515,5,'Economy Class',450.90,1),(515,6,'Economy Class',600.65,1),(516,1,'Economic',450.29,1),(516,5,'Economy Class',450.90,1),(516,6,'Economy Class',600.65,1),(517,1,'Economic',450.29,1),(517,5,'Economy Class',450.90,1),(517,6,'Economy Class',600.65,1),(518,1,'Economic',450.29,1),(518,5,'Economy Class',450.90,1),(518,6,'Economy Class',600.65,1),(519,1,'Economic',450.29,1),(519,5,'Economy Class',450.90,1),(519,6,'Economy Class',600.65,1),(520,1,'Economic',450.29,1),(520,5,'Economy Class',450.90,1),(520,6,'Economy Class',600.65,1),(521,1,'Economic',450.29,1),(521,5,'Economy Class',450.90,1),(521,6,'Economy Class',600.65,1),(522,1,'Economic',450.29,1),(522,5,'Economy Class',450.90,1),(522,6,'Economy Class',600.65,1),(523,1,'Economic',450.29,1),(523,5,'Economy Class',450.90,1),(523,6,'Economy Class',600.65,1),(524,1,'Economic',450.29,1),(524,5,'Economy Class',450.90,1),(524,6,'Economy Class',600.65,1),(525,1,'Economic',450.29,1),(525,5,'Economy Class',450.90,1),(525,6,'Economy Class',600.65,1),(526,1,'Economic',450.29,1),(526,5,'Economy Class',450.90,1),(526,6,'Economy Class',600.65,1),(527,1,'Economic',450.29,1),(527,5,'Economy Class',450.90,1),(527,6,'Economy Class',600.65,1),(528,1,'Economic',450.29,1),(528,5,'Economy Class',450.90,1),(528,6,'Economy Class',600.65,1),(529,1,'Economic',450.29,1),(529,5,'Economy Class',450.90,1),(529,6,'Economy Class',600.65,1),(530,1,'Economic',450.29,1),(530,5,'Economy Class',450.90,1),(530,6,'Economy Class',600.65,1),(531,1,'Economic',450.29,1),(531,5,'Economy Class',450.90,1),(531,6,'Economy Class',600.65,1),(532,1,'Economic',450.29,1),(532,5,'Economy Class',450.90,1),(532,6,'Economy Class',600.65,1),(533,1,'Economic',450.29,1),(533,5,'Economy Class',450.90,1),(533,6,'Economy Class',600.65,1),(534,1,'Economic',450.29,1),(534,5,'Economy Class',450.90,1),(534,6,'Economy Class',600.65,1),(535,1,'Economic',450.29,1),(535,5,'Economy Class',450.90,1),(535,6,'Economy Class',600.65,1),(536,1,'Economic',450.29,1),(536,5,'Economy Class',450.90,1),(536,6,'Economy Class',600.65,1),(537,1,'Economic',450.29,1),(537,5,'Economy Class',450.90,1),(537,6,'Economy Class',600.65,1),(538,1,'Economic',450.29,1),(538,5,'Economy Class',450.90,1),(538,6,'Economy Class',600.65,1),(539,1,'Economic',450.29,1),(539,5,'Economy Class',450.90,1),(539,6,'Economy Class',600.65,1),(540,1,'Economic',450.29,1),(540,5,'Economy Class',450.90,1),(540,6,'Economy Class',600.65,1),(541,1,'Economic',450.29,1),(541,5,'Economy Class',450.90,1),(541,6,'Economy Class',600.65,1),(542,1,'Economic',450.29,1),(542,5,'Economy Class',450.90,1),(542,6,'Economy Class',600.65,1),(543,1,'Economic',450.29,1),(543,5,'Economy Class',450.90,1),(543,6,'Economy Class',600.65,1),(544,1,'Economic',450.29,1),(544,5,'Economy Class',450.90,1),(544,6,'Economy Class',600.65,1),(545,1,'Economic',450.29,1),(545,5,'Economy Class',450.90,1),(545,6,'Economy Class',600.65,1),(546,1,'Economic',450.29,1),(546,5,'Economy Class',450.90,1),(546,6,'Economy Class',600.65,1),(547,1,'Economic',450.29,1),(547,5,'Economy Class',450.90,1),(547,6,'Economy Class',600.65,1),(548,1,'Economic',450.29,1),(548,5,'Economy Class',450.90,1),(548,6,'Economy Class',600.65,1),(549,1,'Economic',450.29,1),(549,5,'Economy Class',450.90,1),(549,6,'Economy Class',600.65,1),(550,1,'Economic',450.29,1),(550,5,'Economy Class',450.90,1),(550,6,'Economy Class',600.65,1),(551,1,'Economic',450.29,1),(551,5,'Economy Class',450.90,1),(551,6,'Economy Class',600.65,1),(552,1,'Economic',450.29,1),(552,5,'Economy Class',450.90,1),(552,6,'Economy Class',600.65,1),(553,1,'Economic',450.29,1),(553,5,'Economy Class',450.90,1),(553,6,'Economy Class',600.65,1),(554,1,'Economic',450.29,1),(554,5,'Economy Class',450.90,1),(554,6,'Economy Class',600.65,1),(555,1,'Economic',450.29,1),(555,5,'Economy Class',450.90,1),(555,6,'Economy Class',600.65,1),(556,1,'Economic',450.29,1),(556,5,'Economy Class',450.90,1),(556,6,'Economy Class',600.65,1),(557,1,'Economic',450.29,1),(557,5,'Economy Class',450.90,1),(557,6,'Economy Class',600.65,1),(558,1,'Economic',450.29,1),(558,5,'Economy Class',450.90,1),(558,6,'Economy Class',600.65,1),(559,1,'Economic',450.29,1),(559,5,'Economy Class',450.90,1),(559,6,'Economy Class',600.65,1),(560,1,'Economic',450.29,1),(560,5,'Economy Class',450.90,1),(560,6,'Economy Class',600.65,1),(561,1,'Economic',450.29,1),(561,5,'Economy Class',450.90,1),(561,6,'Economy Class',600.65,1),(562,1,'Economic',450.29,1),(562,5,'Economy Class',450.90,1),(562,6,'Economy Class',600.65,1),(563,1,'Economic',450.29,1),(563,5,'Economy Class',450.90,1),(563,6,'Economy Class',600.65,1),(564,1,'Economic',450.29,1),(564,5,'Economy Class',450.90,1),(564,6,'Economy Class',600.65,1),(565,1,'Economic',450.29,1),(565,5,'Economy Class',450.90,1),(565,6,'Economy Class',600.65,1),(566,1,'Economic',450.29,1),(566,5,'Economy Class',450.90,1),(566,6,'Economy Class',600.65,1),(567,1,'Economic',450.29,1),(567,5,'Economy Class',450.90,1),(567,6,'Economy Class',600.65,1),(568,1,'Economic',450.29,1),(568,5,'Economy Class',450.90,1),(568,6,'Economy Class',600.65,1),(569,1,'Economic',450.29,1),(569,5,'Economy Class',450.90,1),(569,6,'Economy Class',600.65,1),(570,1,'Economic',450.29,1),(570,5,'Economy Class',450.90,1),(570,6,'Economy Class',600.65,1),(571,1,'Economic',450.29,1),(571,5,'Economy Class',450.90,1),(571,6,'Economy Class',600.65,1),(572,1,'Economic',450.29,1),(572,5,'Economy Class',450.90,1),(572,6,'Economy Class',600.65,1),(573,1,'Economic',450.29,1),(573,5,'Economy Class',450.90,1),(573,6,'Economy Class',600.65,1),(574,1,'Economic',450.29,1),(574,5,'Economy Class',450.90,1),(574,6,'Economy Class',600.65,1),(575,1,'Economic',450.29,1),(575,5,'Economy Class',450.90,1),(575,6,'Economy Class',600.65,1),(576,1,'Economic',450.29,1),(576,5,'Economy Class',450.90,1),(576,6,'Economy Class',600.65,1),(577,1,'Economic',450.29,1),(577,5,'Economy Class',450.90,1),(577,6,'Economy Class',600.65,1),(578,1,'Economic',450.29,1),(578,5,'Economy Class',450.90,1),(578,6,'Economy Class',600.65,1),(579,1,'Economic',450.29,1),(579,5,'Economy Class',450.90,1),(579,6,'Economy Class',600.65,1),(580,1,'Economic',450.29,1),(580,5,'Economy Class',450.90,1),(580,6,'Economy Class',600.65,1);
/*!40000 ALTER TABLE `flightseat` ENABLE KEYS */;
UNLOCK TABLES;

--
-- Table structure for table `passenger`
--

DROP TABLE IF EXISTS `passenger`;
/*!40101 SET @saved_cs_client     = @@character_set_client */;
/*!50503 SET character_set_client = utf8mb4 */;
CREATE TABLE `passenger` (
  `idPassenger` int NOT NULL AUTO_INCREMENT,
  `email` varchar(45) NOT NULL,
  `firstName` varchar(45) NOT NULL,
  `lastName` varchar(45) NOT NULL,
  `address` varchar(225) NOT NULL,
  `birthDate` date NOT NULL,
  `telephoneNumber` varchar(45) NOT NULL,
  `nationality` varchar(45) NOT NULL,
  `passportNo` varchar(45) NOT NULL,
  PRIMARY KEY (`idPassenger`)
) ENGINE=InnoDB AUTO_INCREMENT=67 DEFAULT CHARSET=utf8mb4 COLLATE=utf8mb4_0900_ai_ci;
/*!40101 SET character_set_client = @saved_cs_client */;

--
-- Dumping data for table `passenger`
--

LOCK TABLES `passenger` WRITE;
/*!40000 ALTER TABLE `passenger` DISABLE KEYS */;
INSERT INTO `passenger` VALUES (1,'AllanBrown@gmail.com','Allan','Brown','3424 Drummond Street Newark, NJ 07104','1984-07-13','+1 2394715938','American','245678543'),(2,'LeonardoGO@gmail.com','Leonardo','Oliveira','3301 Bassell Avenue Little Rock, AR 72211','1994-08-30','+1 5017913134','Brazilian','3546735647'),(3,'R.Delgado@yahoo.com','Rosita','Delgado','4528 Conaway Street\nChrisney, IN 47611','1994-02-25','+1 8123623652','American','456845694'),(4,'RitchieEddine@skyblog.fr','Ritchie','BrahimhlilZZ','rue Hedi Nouira, 1023 Tunis','1985-06-15','+2 1675812889','Tunisian','932541578'),(5,'DanJP@mail.de','Dan','James Patrick','Boxhagener Str. 80 22391 Hamburg Bramfeld','1987-10-23','+49 040365878','German','563201208'),(9,'AbbasJiar@gmail.com','Abbas','Jiar','Avenue de Victor Hugo, 75016, Paris','2000-01-21','+33 6 32945094','France','756473856'),(10,'danbelissa@gmail.com','Dan','Belissa','39, rue du Clair Bocage, 85000, LA ROCHE-SUR-YON','2000-03-02','+33 6 74356747','France','463745789'),(11,'AntoineMilakine@yahoo.fr','Antoine','Milakine','155, Avenue de la clairvoyance, 65000','1986-09-15','+33 6 98732641','France','647564789'),(12,'PierreGarnier@rhyta.com','Pierre','Garnier','1, boulevard de Prague 30900 NIMES','1969-01-08','+33 6 13269216','France','234567894'),(13,'ConstanceMarier@outlook.com','Constance','Marier','42, rue des Lacs 14200 HEROUVILLE-SAINT-CLAIR','1961-06-25','+33 6 32676109','France','546375678'),(14,'capron2009@hotmail.fr','Titouan','Capron','32, rue Louise Michel, 92300, LEVALLOIS-PERRET','2009-03-04','+33 6 89024763','France','456347568'),(61,'gaspard@hotmail.fr','Gaspard','Lefort-Louet','71, rue anatole france','2000-02-12','+33 6 76879876','France','4325252323'),(62,'michel42@gmail.com','Michel','Badou','89, rue Christophe','1998-12-01','+33 6 83284238','France','843284328432'),(63,'capron@gmail.com','Titouan','Capron','71, rue Paris','2009-03-04','+33 6 76890987','France','432523542'),(64,'capron@gmail.com','Titouan','Capron','71, rue Paris','2009-03-04','+33 6 94328045','France','48328423'),(65,'christophe@hotmail.com','Chritophe','Dibou','12, rue des Fraises','1995-12-15','+33 6 87979798','France','48328423823'),(66,'dider@gmail.com','Didier','Pierre','89, rue de la Pierre','2001-12-15','+33 6 87980987','France','84282384');
/*!40000 ALTER TABLE `passenger` ENABLE KEYS */;
UNLOCK TABLES;

--
-- Table structure for table `ticket`
--

DROP TABLE IF EXISTS `ticket`;
/*!40101 SET @saved_cs_client     = @@character_set_client */;
/*!50503 SET character_set_client = utf8mb4 */;
CREATE TABLE `ticket` (
  `booking_bookingNo` int NOT NULL,
  `passenger_idPassenger` int NOT NULL,
  `flightSeat_seatNo` int NOT NULL,
  `flight_idFlight` int unsigned NOT NULL,
  `ticketNo` int unsigned NOT NULL AUTO_INCREMENT,
  `barCodeImage` blob,
  PRIMARY KEY (`booking_bookingNo`,`passenger_idPassenger`,`flightSeat_seatNo`,`flight_idFlight`),
  UNIQUE KEY `ticketNo_UNIQUE` (`ticketNo`),
  KEY `fk_ticket_booking1_idx` (`booking_bookingNo`),
  KEY `fk_ticket_passenger1_idx` (`passenger_idPassenger`),
  KEY `fk_ticket_flightSeat1_idx` (`flightSeat_seatNo`,`flight_idFlight`),
  CONSTRAINT `fk_ticket_booking1` FOREIGN KEY (`booking_bookingNo`) REFERENCES `booking` (`bookingNo`) ON DELETE CASCADE ON UPDATE CASCADE,
  CONSTRAINT `fk_ticket_flightSeat1` FOREIGN KEY (`flightSeat_seatNo`, `flight_idFlight`) REFERENCES `flightseat` (`seatNo`, `flight_idFlight`) ON DELETE CASCADE ON UPDATE CASCADE,
  CONSTRAINT `fk_ticket_passenger1` FOREIGN KEY (`passenger_idPassenger`) REFERENCES `passenger` (`idPassenger`) ON DELETE CASCADE ON UPDATE CASCADE
) ENGINE=InnoDB AUTO_INCREMENT=95 DEFAULT CHARSET=utf8mb4 COLLATE=utf8mb4_0900_ai_ci;
/*!40101 SET character_set_client = @saved_cs_client */;

--
-- Dumping data for table `ticket`
--

LOCK TABLES `ticket` WRITE;
/*!40000 ALTER TABLE `ticket` DISABLE KEYS */;
INSERT INTO `ticket` VALUES (73,61,102,6,83,_binary 'PNG\r\n\Z\n\0\0\0\rIHDR\0\0\0\\0\0\0F\0\0\0\\0\0\0PLTE\0\0\0\0\03\0\0f\0\0\0\0\\0\0\03\0\033\03f\03\03\\03\0f\0\0f3\0ff\0f\0f\\0f\0\0\03\0f\0\0\\0\0\\0\0\3\0\f\0̙\0\\\0\\0\0\03\0f\0\0\\03\0\03\033\0f3\03\0\3\033\033333f3333\333f\03f33ff3f3f\3f3\0333f33\33\\03\33\f3̙3\\3\3\0333f33\3f\0\0f\03f\0ff\0f\0\f\0f3\0f33f3ff3f3\f3ff\0ff3fffffff\fff\0f3ffff\ff\\0f\3f\ff̙f\\f\f\0f3ffff\f\0\0\03\0f\0\0̙\03\0333f33̙3f\0f3ffff̙f\03f̙\\0\3\f̙\̙\\03f̙\\0\0\\03\\0f\\0\\0\\\0\3\0\33\3f\3\3\\3\f\0\f3\ff\f\f\\f̙\0̙3̙f̙̙\̙\\\0\\3\\f\̙\\\\\\\0\3\f\\\\\0\0\03\0f\0\0\\03\0333f33\3f\0f3ffff\f\03f\\\0\3\f̙\\\\03f\$$$***000666<<<BBBHHHNNNTTTZZZ```ffflllrrrxxx~~~\\\\\\\\\\\\\\\\\\\\\ )b\\0\0\0\IDATx^\\A0\0Q0\\\1(qE?	\KHaBAv]\ݣ*\s\\ϱ5SL%2\T\"SL%2\T\"SL%2\T\"SL%2\T\"SL%2\T\"SL%2\T7zUS&Jݮ;\\m-Hd\F7\\xGXB\)M\|jW\Z\IM_6kBޘz^mQ[L~gy}\"w\O\x8ݡN\\хS%i\rgNbX\0\0\0\0IENDB`'),(73,61,102,9,84,_binary 'PNG\r\n\Z\n\0\0\0\rIHDR\0\0\0\\0\0\0F\0\0\0\\0\0\0PLTE\0\0\0\0\03\0\0f\0\0\0\0\\0\0\03\0\033\03f\03\03\\03\0f\0\0f3\0ff\0f\0f\\0f\0\0\03\0f\0\0\\0\0\\0\0\3\0\f\0̙\0\\\0\\0\0\03\0f\0\0\\03\0\03\033\0f3\03\0\3\033\033333f3333\333f\03f33ff3f3f\3f3\0333f33\33\\03\33\f3̙3\\3\3\0333f33\3f\0\0f\03f\0ff\0f\0\f\0f3\0f33f3ff3f3\f3ff\0ff3fffffff\fff\0f3ffff\ff\\0f\3f\ff̙f\\f\f\0f3ffff\f\0\0\03\0f\0\0̙\03\0333f33̙3f\0f3ffff̙f\03f̙\\0\3\f̙\̙\\03f̙\\0\0\\03\\0f\\0\\0\\\0\3\0\33\3f\3\3\\3\f\0\f3\ff\f\f\\f̙\0̙3̙f̙̙\̙\\\0\\3\\f\̙\\\\\\\0\3\f\\\\\0\0\03\0f\0\0\\03\0333f33\3f\0f3ffff\f\03f\\\0\3\f̙\\\\03f\$$$***000666<<<BBBHHHNNNTTTZZZ```ffflllrrrxxx~~~\\\\\\\\\\\\\\\\\\\\\ )b\\0\0\0\IDATx^\\a\n@a.\\u\s\r\~\+\\<`!\&9O\:-\\y\߾\}_\\L%2\T\"SL%2\T\"SL%2\T\"SL%2\T\"SL%2\T\"SL%2\T\"S\_\4\r>\eidZK^4ud\%3\\]ߠ˓O\\O]ە;DO\\>\I}b\\#?3\8㳺OF\PWߪMNm<5\\Zes\9\Z販\\\0qdq\\0\0\0\0IENDB`'),(73,62,103,6,85,_binary 'PNG\r\n\Z\n\0\0\0\rIHDR\0\0\0\\0\0\0F\0\0\0\\0\0\0PLTE\0\0\0\0\03\0\0f\0\0\0\0\\0\0\03\0\033\03f\03\03\\03\0f\0\0f3\0ff\0f\0f\\0f\0\0\03\0f\0\0\\0\0\\0\0\3\0\f\0̙\0\\\0\\0\0\03\0f\0\0\\03\0\03\033\0f3\03\0\3\033\033333f3333\333f\03f33ff3f3f\3f3\0333f33\33\\03\33\f3̙3\\3\3\0333f33\3f\0\0f\03f\0ff\0f\0\f\0f3\0f33f3ff3f3\f3ff\0ff3fffffff\fff\0f3ffff\ff\\0f\3f\ff̙f\\f\f\0f3ffff\f\0\0\03\0f\0\0̙\03\0333f33̙3f\0f3ffff̙f\03f̙\\0\3\f̙\̙\\03f̙\\0\0\\03\\0f\\0\\0\\\0\3\0\33\3f\3\3\\3\f\0\f3\ff\f\f\\f̙\0̙3̙f̙̙\̙\\\0\\3\\f\̙\\\\\\\0\3\f\\\\\0\0\03\0f\0\0\\03\0333f33\3f\0f3ffff\f\03f\\\0\3\f̙\\\\03f\$$$***000666<<<BBBHHHNNNTTTZZZ```ffflllrrrxxx~~~\\\\\\\\\\\\\\\\\\\\\ )b\\0\0\0\IDATx^\\A\n0\0Q-L\\\P\\d\ؒE#`m[\^\\o|wSO;[DJd*DJd*DJd*DJd*DJd*DJd*\~>D~)\^\\wDdSKmGnHZh\Sk߯46L]G\\MycjW[m53&\|j\Ԍ	\\6c	\']8UF\0\o\=\0\0\0\0IENDB`'),(73,62,103,9,86,_binary 'PNG\r\n\Z\n\0\0\0\rIHDR\0\0\0\\0\0\0F\0\0\0\\0\0\0PLTE\0\0\0\0\03\0\0f\0\0\0\0\\0\0\03\0\033\03f\03\03\\03\0f\0\0f3\0ff\0f\0f\\0f\0\0\03\0f\0\0\\0\0\\0\0\3\0\f\0̙\0\\\0\\0\0\03\0f\0\0\\03\0\03\033\0f3\03\0\3\033\033333f3333\333f\03f33ff3f3f\3f3\0333f33\33\\03\33\f3̙3\\3\3\0333f33\3f\0\0f\03f\0ff\0f\0\f\0f3\0f33f3ff3f3\f3ff\0ff3fffffff\fff\0f3ffff\ff\\0f\3f\ff̙f\\f\f\0f3ffff\f\0\0\03\0f\0\0̙\03\0333f33̙3f\0f3ffff̙f\03f̙\\0\3\f̙\̙\\03f̙\\0\0\\03\\0f\\0\\0\\\0\3\0\33\3f\3\3\\3\f\0\f3\ff\f\f\\f̙\0̙3̙f̙̙\̙\\\0\\3\\f\̙\\\\\\\0\3\f\\\\\0\0\03\0f\0\0\\03\0333f33\3f\0f3ffff\f\03f\\\0\3\f̙\\\\03f\$$$***000666<<<BBBHHHNNNTTTZZZ```ffflllrrrxxx~~~\\\\\\\\\\\\\\\\\\\\\ )b\\0\0\0\IDATx^\\Q\n0Q-݌_LS\d2\֟T(\uYʲ]\\\\\\\y\s^mo\nJd*DJd*DJd*DJd*DJd*DJd*D\\LtUM%(}?\g۟\rɌ\\ȦnmѶ/\p\\r<\7\.\Z[h^\\'\\:\u\/\\9z\M:\\0Ԍ\\_6JnS%\:\q嚝_3\0\0\0\0IENDB`'),(74,63,41,4,88,_binary 'PNG\r\n\Z\n\0\0\0\rIHDR\0\0\0\\0\0\0F\0\0\0\\0\0\0PLTE\0\0\0\0\03\0\0f\0\0\0\0\\0\0\03\0\033\03f\03\03\\03\0f\0\0f3\0ff\0f\0f\\0f\0\0\03\0f\0\0\\0\0\\0\0\3\0\f\0̙\0\\\0\\0\0\03\0f\0\0\\03\0\03\033\0f3\03\0\3\033\033333f3333\333f\03f33ff3f3f\3f3\0333f33\33\\03\33\f3̙3\\3\3\0333f33\3f\0\0f\03f\0ff\0f\0\f\0f3\0f33f3ff3f3\f3ff\0ff3fffffff\fff\0f3ffff\ff\\0f\3f\ff̙f\\f\f\0f3ffff\f\0\0\03\0f\0\0̙\03\0333f33̙3f\0f3ffff̙f\03f̙\\0\3\f̙\̙\\03f̙\\0\0\\03\\0f\\0\\0\\\0\3\0\33\3f\3\3\\3\f\0\f3\ff\f\f\\f̙\0̙3̙f̙̙\̙\\\0\\3\\f\̙\\\\\\\0\3\f\\\\\0\0\03\0f\0\0\\03\0333f33\3f\0f3ffff\f\03f\\\0\3\f̙\\\\03f\$$$***000666<<<BBBHHHNNNTTTZZZ```ffflllrrrxxx~~~\\\\\\\\\\\\\\\\\\\\\ )b\\0\0\0\IDATx^\\Q\n0\X\Ll/7 9O?)[)\\vh}?~\g\\|\L%2\T\"SL%2\T\"SL%2\T\"SL%2\T\"SL%2\T\"SL%2\T\"Sy\,tWM%Z(u^S\>#%Z[ߢ#fOm\Jcc\\8j\oļ1u\\\On\\ 1!<\\\)\TI\ZLsOxP\0\0\0\0IENDB`'),(74,63,41,50,87,_binary 'PNG\r\n\Z\n\0\0\0\rIHDR\0\0\0\\0\0\0F\0\0\0\\0\0\0PLTE\0\0\0\0\03\0\0f\0\0\0\0\\0\0\03\0\033\03f\03\03\\03\0f\0\0f3\0ff\0f\0f\\0f\0\0\03\0f\0\0\\0\0\\0\0\3\0\f\0̙\0\\\0\\0\0\03\0f\0\0\\03\0\03\033\0f3\03\0\3\033\033333f3333\333f\03f33ff3f3f\3f3\0333f33\33\\03\33\f3̙3\\3\3\0333f33\3f\0\0f\03f\0ff\0f\0\f\0f3\0f33f3ff3f3\f3ff\0ff3fffffff\fff\0f3ffff\ff\\0f\3f\ff̙f\\f\f\0f3ffff\f\0\0\03\0f\0\0̙\03\0333f33̙3f\0f3ffff̙f\03f̙\\0\3\f̙\̙\\03f̙\\0\0\\03\\0f\\0\\0\\\0\3\0\33\3f\3\3\\3\f\0\f3\ff\f\f\\f̙\0̙3̙f̙̙\̙\\\0\\3\\f\̙\\\\\\\0\3\f\\\\\0\0\03\0f\0\0\\03\0333f33\3f\0f3ffff\f\03f\\\0\3\f̙\\\\03f\$$$***000666<<<BBBHHHNNNTTTZZZ```ffflllrrrxxx~~~\\\\\\\\\\\\\\\\\\\\\ )b\\0\0\0\IDATx^\\[\n\0\0\T\LlG\T!\/s25U8\\Jiˮ\\ϯ\S\\X[DJd*DJd*DJd*DJd*DJd*DJd*\\D>_S܏\\gSHW\ڎ%3?0e8\\JsCܩ\s5bM6\9W;p\pg\S\k\\\jB>5#\\W~\nL\\NY/͚p\\\0\0\0\0\0IENDB`'),(75,64,42,4,90,_binary 'PNG\r\n\Z\n\0\0\0\rIHDR\0\0\0\\0\0\0F\0\0\0\\0\0\0PLTE\0\0\0\0\03\0\0f\0\0\0\0\\0\0\03\0\033\03f\03\03\\03\0f\0\0f3\0ff\0f\0f\\0f\0\0\03\0f\0\0\\0\0\\0\0\3\0\f\0̙\0\\\0\\0\0\03\0f\0\0\\03\0\03\033\0f3\03\0\3\033\033333f3333\333f\03f33ff3f3f\3f3\0333f33\33\\03\33\f3̙3\\3\3\0333f33\3f\0\0f\03f\0ff\0f\0\f\0f3\0f33f3ff3f3\f3ff\0ff3fffffff\fff\0f3ffff\ff\\0f\3f\ff̙f\\f\f\0f3ffff\f\0\0\03\0f\0\0̙\03\0333f33̙3f\0f3ffff̙f\03f̙\\0\3\f̙\̙\\03f̙\\0\0\\03\\0f\\0\\0\\\0\3\0\33\3f\3\3\\3\f\0\f3\ff\f\f\\f̙\0̙3̙f̙̙\̙\\\0\\3\\f\̙\\\\\\\0\3\f\\\\\0\0\03\0f\0\0\\03\0333f33\3f\0f3ffff\f\03f\\\0\3\f̙\\\\03f\$$$***000666<<<BBBHHHNNNTTTZZZ```ffflllrrrxxx~~~\\\\\\\\\\\\\\\\\\\\\ )b\\0\0\0\IDATx^\\\\n0\0F\\0{[\U9;؆y\eR\~ښz\W=\k\\<߿%Jd*DJd*DJd*DJd*DJd*DJd*Dm\+X謚JP\sǜ?R{=\\Χ\Rrȧf$W\fSYWLm\\|\Ð,ΧFF/\;C\|ۙNY	p\\\.\0\0\0\0IENDB`'),(75,64,42,50,89,_binary 'PNG\r\n\Z\n\0\0\0\rIHDR\0\0\0\\0\0\0F\0\0\0\\0\0\0PLTE\0\0\0\0\03\0\0f\0\0\0\0\\0\0\03\0\033\03f\03\03\\03\0f\0\0f3\0ff\0f\0f\\0f\0\0\03\0f\0\0\\0\0\\0\0\3\0\f\0̙\0\\\0\\0\0\03\0f\0\0\\03\0\03\033\0f3\03\0\3\033\033333f3333\333f\03f33ff3f3f\3f3\0333f33\33\\03\33\f3̙3\\3\3\0333f33\3f\0\0f\03f\0ff\0f\0\f\0f3\0f33f3ff3f3\f3ff\0ff3fffffff\fff\0f3ffff\ff\\0f\3f\ff̙f\\f\f\0f3ffff\f\0\0\03\0f\0\0̙\03\0333f33̙3f\0f3ffff̙f\03f̙\\0\3\f̙\̙\\03f̙\\0\0\\03\\0f\\0\\0\\\0\3\0\33\3f\3\3\\3\f\0\f3\ff\f\f\\f̙\0̙3̙f̙̙\̙\\\0\\3\\f\̙\\\\\\\0\3\f\\\\\0\0\03\0f\0\0\\03\0333f33\3f\0f3ffff\f\03f\\\0\3\f̙\\\\03f\$$$***000666<<<BBBHHHNNNTTTZZZ```ffflllrrrxxx~~~\\\\\\\\\\\\\\\\\\\\\ )b\\0\0\0\IDATx^\\A\n\ EQ:\\y\&tKmJyJi.[huؾ_\\gW \HuD#R\TG:\"\HuD#R\TG:\"\HuD#R\TG:z\opѧJR:*\\\&d.Z\6W\\rӺ]\Z\7r:X\zbj\\/K\\\S5F$YsCt*\N\n\0YZu\\\0\0\0\0IENDB`'),(75,65,43,4,92,_binary 'PNG\r\n\Z\n\0\0\0\rIHDR\0\0\0\\0\0\0F\0\0\0\\0\0\0PLTE\0\0\0\0\03\0\0f\0\0\0\0\\0\0\03\0\033\03f\03\03\\03\0f\0\0f3\0ff\0f\0f\\0f\0\0\03\0f\0\0\\0\0\\0\0\3\0\f\0̙\0\\\0\\0\0\03\0f\0\0\\03\0\03\033\0f3\03\0\3\033\033333f3333\333f\03f33ff3f3f\3f3\0333f33\33\\03\33\f3̙3\\3\3\0333f33\3f\0\0f\03f\0ff\0f\0\f\0f3\0f33f3ff3f3\f3ff\0ff3fffffff\fff\0f3ffff\ff\\0f\3f\ff̙f\\f\f\0f3ffff\f\0\0\03\0f\0\0̙\03\0333f33̙3f\0f3ffff̙f\03f̙\\0\3\f̙\̙\\03f̙\\0\0\\03\\0f\\0\\0\\\0\3\0\33\3f\3\3\\3\f\0\f3\ff\f\f\\f̙\0̙3̙f̙̙\̙\\\0\\3\\f\̙\\\\\\\0\3\f\\\\\0\0\03\0f\0\0\\03\0333f33\3f\0f3ffff\f\03f\\\0\3\f̙\\\\03f\$$$***000666<<<BBBHHHNNNTTTZZZ```ffflllrrrxxx~~~\\\\\\\\\\\\\\\\\\\\\ )b\\0\0\0\IDATx^\\A\n0\0Q-?LS(4\/d2l ]\uYʲ\r[U\\8\{\\~c\ͦ`*DJd*DJd*DJd*DJd*DJd*DJB\`j*\D\{HtHɮ[i[f8>0e8Z\\"CR>5#y\\\\RD=ݰ\e鉩5kiJ\_\\\0\2E)z\סv\Cf\rJ\]5\qpW/\\0\0\0\0IENDB`'),(75,65,43,50,91,_binary 'PNG\r\n\Z\n\0\0\0\rIHDR\0\0\0\\0\0\0F\0\0\0\\0\0\0PLTE\0\0\0\0\03\0\0f\0\0\0\0\\0\0\03\0\033\03f\03\03\\03\0f\0\0f3\0ff\0f\0f\\0f\0\0\03\0f\0\0\\0\0\\0\0\3\0\f\0̙\0\\\0\\0\0\03\0f\0\0\\03\0\03\033\0f3\03\0\3\033\033333f3333\333f\03f33ff3f3f\3f3\0333f33\33\\03\33\f3̙3\\3\3\0333f33\3f\0\0f\03f\0ff\0f\0\f\0f3\0f33f3ff3f3\f3ff\0ff3fffffff\fff\0f3ffff\ff\\0f\3f\ff̙f\\f\f\0f3ffff\f\0\0\03\0f\0\0̙\03\0333f33̙3f\0f3ffff̙f\03f̙\\0\3\f̙\̙\\03f̙\\0\0\\03\\0f\\0\\0\\\0\3\0\33\3f\3\3\\3\f\0\f3\ff\f\f\\f̙\0̙3̙f̙̙\̙\\\0\\3\\f\̙\\\\\\\0\3\f\\\\\0\0\03\0f\0\0\\03\0333f33\3f\0f3ffff\f\03f\\\0\3\f̙\\\\03f\$$$***000666<<<BBBHHHNNNTTTZZZ```ffflllrrrxxx~~~\\\\\\\\\\\\\\\\\\\\\ )b\\0\0\0\IDATx^\\A\n0\0\Xz\\\$P\\<\\!*\RJ-\iij<s\\\}\L%2\T\"SL%2\T\"SL%2\T\"SL%2\T\"SL%2\T\"SL%2\T\"S\\3hVM%({\к\Z7\p\Z\ZdB\|\'I\\\"3\rH\h\'qVZ\h3Z㭯LmWit\	\\!o@jD5\~\\\NJ\C?\\n\lJu\0\0\0\0IENDB`'),(75,66,44,4,94,_binary 'PNG\r\n\Z\n\0\0\0\rIHDR\0\0\0\\0\0\0F\0\0\0\\0\0\0PLTE\0\0\0\0\03\0\0f\0\0\0\0\\0\0\03\0\033\03f\03\03\\03\0f\0\0f3\0ff\0f\0f\\0f\0\0\03\0f\0\0\\0\0\\0\0\3\0\f\0̙\0\\\0\\0\0\03\0f\0\0\\03\0\03\033\0f3\03\0\3\033\033333f3333\333f\03f33ff3f3f\3f3\0333f33\33\\03\33\f3̙3\\3\3\0333f33\3f\0\0f\03f\0ff\0f\0\f\0f3\0f33f3ff3f3\f3ff\0ff3fffffff\fff\0f3ffff\ff\\0f\3f\ff̙f\\f\f\0f3ffff\f\0\0\03\0f\0\0̙\03\0333f33̙3f\0f3ffff̙f\03f̙\\0\3\f̙\̙\\03f̙\\0\0\\03\\0f\\0\\0\\\0\3\0\33\3f\3\3\\3\f\0\f3\ff\f\f\\f̙\0̙3̙f̙̙\̙\\\0\\3\\f\̙\\\\\\\0\3\f\\\\\0\0\03\0f\0\0\\03\0333f33\3f\0f3ffff\f\03f\\\0\3\f̙\\\\03f\$$$***000666<<<BBBHHHNNNTTTZZZ```ffflllrrrxxx~~~\\\\\\\\\\\\\\\\\\\\\ )b\\0\0\0\IDATx^\\[\n\0E\TL\?L\\&E[?\)&J\nnR/Kh\\u>\:u̖@#R\TG:\"\HuD#R\TG:\"\HuD#R\TG:\"\HuB`JR\Rj5D3\LyєƖ\f@\\pqdj|b鹪{զ.15.\@\\\\W\8]\TUY*e3617\\[5q*\0}\0s;E\\\O\0\0\0\0IENDB`'),(75,66,44,50,93,_binary 'PNG\r\n\Z\n\0\0\0\rIHDR\0\0\0\\0\0\0F\0\0\0\\0\0\0PLTE\0\0\0\0\03\0\0f\0\0\0\0\\0\0\03\0\033\03f\03\03\\03\0f\0\0f3\0ff\0f\0f\\0f\0\0\03\0f\0\0\\0\0\\0\0\3\0\f\0̙\0\\\0\\0\0\03\0f\0\0\\03\0\03\033\0f3\03\0\3\033\033333f3333\333f\03f33ff3f3f\3f3\0333f33\33\\03\33\f3̙3\\3\3\0333f33\3f\0\0f\03f\0ff\0f\0\f\0f3\0f33f3ff3f3\f3ff\0ff3fffffff\fff\0f3ffff\ff\\0f\3f\ff̙f\\f\f\0f3ffff\f\0\0\03\0f\0\0̙\03\0333f33̙3f\0f3ffff̙f\03f̙\\0\3\f̙\̙\\03f̙\\0\0\\03\\0f\\0\\0\\\0\3\0\33\3f\3\3\\3\f\0\f3\ff\f\f\\f̙\0̙3̙f̙̙\̙\\\0\\3\\f\̙\\\\\\\0\3\f\\\\\0\0\03\0f\0\0\\03\0333f33\3f\0f3ffff\f\03f\\\0\3\f̙\\\\03f\$$$***000666<<<BBBHHHNNNTTTZZZ```ffflllrrrxxx~~~\\\\\\\\\\\\\\\\\\\\\ )b\\0\0\0\IDATx^\\\\n0\0Fa^\Nm*9;\,\":LWm2-ݭ*\?\kΟ_Ǐv4SL%2\T\"SL%2\T\"SL%2\T\"SL%2\T\"SL%2\T\"SL%2\TyoUSJ}~>qͲ\u\Hr\̮K%4\o2\	O-\~Đ\\Z\N\\z\\:\\zlzcj[~[\v6g\\~\u|jDr6w\\\ӟ_b©t\\sbN7\0\0\0\0IENDB`');
/*!40000 ALTER TABLE `ticket` ENABLE KEYS */;
UNLOCK TABLES;
/*!40103 SET TIME_ZONE=@OLD_TIME_ZONE */;

/*!40101 SET SQL_MODE=@OLD_SQL_MODE */;
/*!40014 SET FOREIGN_KEY_CHECKS=@OLD_FOREIGN_KEY_CHECKS */;
/*!40014 SET UNIQUE_CHECKS=@OLD_UNIQUE_CHECKS */;
/*!40101 SET CHARACTER_SET_CLIENT=@OLD_CHARACTER_SET_CLIENT */;
/*!40101 SET CHARACTER_SET_RESULTS=@OLD_CHARACTER_SET_RESULTS */;
/*!40101 SET COLLATION_CONNECTION=@OLD_COLLATION_CONNECTION */;
/*!40111 SET SQL_NOTES=@OLD_SQL_NOTES */;

-- Dump completed on 2020-12-14 23:53:04
